2026-08-27 03:49:58.749: [INFO] CurrentProfilePath: D:\Bhargavi V.SMART Web DotNet - Latest\V.SMART\V.SMART\bin\Debug\net9.0-windows10.0.19041.0\win10-x64\V.SMART.exe.WebView2\EBWebView\Default
2026-08-27 03:49:58.749: [INFO] Profiles total count: 1
2026-08-27 03:49:58.749: [INFO] Profile: name=Profile 1 path=D:\Bhargavi V.SMART Web DotNet - Latest\V.SMART\V.SMART\bin\Debug\net9.0-windows10.0.19041.0\win10-x64\V.SMART.exe.WebView2\EBWebView\Default lastActive=null
2026-08-27 03:49:58.749: [INFO] LastUsedProfileDir: D:\Bhargavi V.SMART Web DotNet - Latest\V.SMART\V.SMART\bin\Debug\net9.0-windows10.0.19041.0\win10-x64\V.SMART.exe.WebView2\EBWebView\Default
2026-08-27 03:49:58.749: [INFO] OnDoneLoading sync enabled: 0
2026-08-27 03:49:58.749: [INFO] BookmarkModelLoaded, ids_reassigned: 0
2026-08-27 03:49:58.749: [INFO] BookmarksLoadDropped droppedNodes=0
2026-08-27 03:49:58.749: [INFO] BookmarksSnapshot Startup total=0 bar=0 other=0 mobile=0 showBar=0 showBarNTP=1
2026-08-27 03:56:18.655: [INFO] BookmarksSnapshot Shutdown total=0 bar=0 other=0 mobile=0 showBar=0 showBarNTP=1
2026-08-27 05:13:02.571: [INFO] CurrentProfilePath: D:\Bhargavi V.SMART Web DotNet - Latest\V.SMART\V.SMART\bin\Debug\net9.0-windows10.0.19041.0\win10-x64\V.SMART.exe.WebView2\EBWebView\Default
2026-08-27 05:13:02.571: [INFO] Profiles total count: 1
2026-08-27 05:13:02.571: [INFO] Profile: name=Profile 1 path=D:\Bhargavi V.SMART Web DotNet - Latest\V.SMART\V.SMART\bin\Debug\net9.0-windows10.0.19041.0\win10-x64\V.SMART.exe.WebView2\EBWebView\Default lastActive=2026-08-27T03:54:50.698Z
2026-08-27 05:13:02.571: [INFO] LastUsedProfileDir: D:\Bhargavi V.SMART Web DotNet - Latest\V.SMART\V.SMART\bin\Debug\net9.0-windows10.0.19041.0\win10-x64\V.SMART.exe.WebView2\EBWebView\Default
2026-08-27 05:13:02.571: [INFO] MostRecentlyActiveProfile: name=Profile 1 path=D:\Bhargavi V.SMART Web DotNet - Latest\V.SMART\V.SMART\bin\Debug\net9.0-windows10.0.19041.0\win10-x64\V.SMART.exe.WebView2\EBWebView\Default lastActive=2026-08-27T03:54:50.698Z
2026-08-27 05:13:02.572: [INFO] OnDoneLoading sync enabled: 0
2026-08-27 05:13:02.572: [INFO] BookmarkModelLoaded, ids_reassigned: 0
2026-08-27 05:13:02.572: [INFO] BookmarksLoadDropped droppedNodes=0
2026-08-27 05:13:02.572: [INFO] BookmarksSnapshot Startup total=0 bar=0 other=0 mobile=0 showBar=0 showBarNTP=1
2026-08-27 05:24:39.077: [INFO] BookmarksSnapshot Shutdown total=0 bar=0 other=0 mobile=0 showBar=0 showBarNTP=1
2026-08-27 05:28:18.312: [INFO] CurrentProfilePath: D:\Bhargavi V.SMART Web DotNet - Latest\V.SMART\V.SMART\bin\Debug\net9.0-windows10.0.19041.0\win10-x64\V.SMART.exe.WebView2\EBWebView\Default
2026-08-27 05:28:18.312: [INFO] Profiles total count: 1
2026-08-27 05:28:18.313: [INFO] Profile: name=Profile 1 path=D:\Bhargavi V.SMART Web DotNet - Latest\V.SMART\V.SMART\bin\Debug\net9.0-windows10.0.19041.0\win10-x64\V.SMART.exe.WebView2\EBWebView\Default lastActive=2026-08-27T05:24:11.181Z
2026-08-27 05:28:18.313: [INFO] LastUsedProfileDir: D:\Bhargavi V.SMART Web DotNet - Latest\V.SMART\V.SMART\bin\Debug\net9.0-windows10.0.19041.0\win10-x64\V.SMART.exe.WebView2\EBWebView\Default
2026-08-27 05:28:18.313: [INFO] MostRecentlyActiveProfile: name=Profile 1 path=D:\Bhargavi V.SMART Web DotNet - Latest\V.SMART\V.SMART\bin\Debug\net9.0-windows10.0.19041.0\win10-x64\V.SMART.exe.WebView2\EBWebView\Default lastActive=2026-08-27T05:24:11.181Z
2026-08-27 05:28:18.314: [INFO] OnDoneLoading sync enabled: 0
2026-08-27 05:28:18.314: [INFO] BookmarkModelLoaded, ids_reassigned: 0
2026-08-27 05:28:18.314: [INFO] BookmarksLoadDropped droppedNodes=0
2026-08-27 05:28:18.314: [INFO] BookmarksSnapshot Startup total=0 bar=0 other=0 mobile=0 showBar=0 showBarNTP=1
2026-08-27 05:36:18.678: [INFO] BookmarksSnapshot Shutdown total=0 bar=0 other=0 mobile=0 showBar=0 showBarNTP=1
2026-08-27 10:04:52.597: [INFO] CurrentProfilePath: D:\Bhargavi V.SMART Web DotNet - Latest\V.SMART\V.SMART\bin\Debug\net9.0-windows10.0.19041.0\win10-x64\V.SMART.exe.WebView2\EBWebView\Default
2026-08-27 10:04:52.597: [INFO] Profiles total count: 1
2026-08-27 10:04:52.599: [INFO] Profile: name=Profile 1 path=D:\Bhargavi V.SMART Web DotNet - Latest\V.SMART\V.SMART\bin\Debug\net9.0-windows10.0.19041.0\win10-x64\V.SMART.exe.WebView2\EBWebView\Default lastActive=2026-08-27T05:32:46.304Z
2026-08-27 10:04:52.599: [INFO] LastUsedProfileDir: D:\Bhargavi V.SMART Web DotNet - Latest\V.SMART\V.SMART\bin\Debug\net9.0-windows10.0.19041.0\win10-x64\V.SMART.exe.WebView2\EBWebView\Default
2026-08-27 10:04:52.599: [INFO] MostRecentlyActiveProfile: name=Profile 1 path=D:\Bhargavi V.SMART Web DotNet - Latest\V.SMART\V.SMART\bin\Debug\net9.0-windows10.0.19041.0\win10-x64\V.SMART.exe.WebView2\EBWebView\Default lastActive=2026-08-27T05:32:46.304Z
2026-08-27 10:04:52.599: [INFO] OnDoneLoading sync enabled: 0
2026-08-27 10:04:52.599: [INFO] BookmarkModelLoaded, ids_reassigned: 0
2026-08-27 10:04:52.599: [INFO] BookmarksLoadDropped droppedNodes=0
2026-08-27 10:04:52.599: [INFO] BookmarksSnapshot Startup total=0 bar=0 other=0 mobile=0 showBar=0 showBarNTP=1
2026-08-27 10:10:52.081: [INFO] BookmarksSnapshot Shutdown total=0 bar=0 other=0 mobile=0 showBar=0 showBarNTP=1
2026-08-27 10:13:35.999: [INFO] CurrentProfilePath: D:\Bhargavi V.SMART Web DotNet - Latest\V.SMART\V.SMART\bin\Debug\net9.0-windows10.0.19041.0\win10-x64\V.SMART.exe.WebView2\EBWebView\Default
2026-08-27 10:13:35.999: [INFO] Profiles total count: 1
2026-08-27 10:13:36.000: [INFO] Profile: name=Profile 1 path=D:\Bhargavi V.SMART Web DotNet - Latest\V.SMART\V.SMART\bin\Debug\net9.0-windows10.0.19041.0\win10-x64\V.SMART.exe.WebView2\EBWebView\Default lastActive=2026-08-27T10:10:20.337Z
2026-08-27 10:13:36.000: [INFO] LastUsedProfileDir: D:\Bhargavi V.SMART Web DotNet - Latest\V.SMART\V.SMART\bin\Debug\net9.0-windows10.0.19041.0\win10-x64\V.SMART.exe.WebView2\EBWebView\Default
2026-08-27 10:13:36.000: [INFO] MostRecentlyActiveProfile: name=Profile 1 path=D:\Bhargavi V.SMART Web DotNet - Latest\V.SMART\V.SMART\bin\Debug\net9.0-windows10.0.19041.0\win10-x64\V.SMART.exe.WebView2\EBWebView\Default lastActive=2026-08-27T10:10:20.337Z
2026-08-27 10:13:36.000: [INFO] OnDoneLoading sync enabled: 0
2026-08-27 10:13:36.000: [INFO] BookmarkModelLoaded, ids_reassigned: 0
2026-08-27 10:13:36.000: [INFO] BookmarksLoadDropped droppedNodes=0
2026-08-27 10:13:36.000: [INFO] BookmarksSnapshot Startup total=0 bar=0 other=0 mobile=0 showBar=0 showBarNTP=1
2026-08-27 10:15:08.631: [INFO] BookmarksSnapshot Shutdown total=0 bar=0 other=0 mobile=0 showBar=0 showBarNTP=1
2026-08-27 10:19:57.133: [INFO] CurrentProfilePath: D:\Bhargavi V.SMART Web DotNet - Latest\V.SMART\V.SMART\bin\Debug\net9.0-windows10.0.19041.0\win10-x64\V.SMART.exe.WebView2\EBWebView\Default
2026-08-27 10:19:57.133: [INFO] Profiles total count: 1
2026-08-27 10:19:57.134: [INFO] Profile: name=Profile 1 path=D:\Bhargavi V.SMART Web DotNet - Latest\V.SMART\V.SMART\bin\Debug\net9.0-windows10.0.19041.0\win10-x64\V.SMART.exe.WebView2\EBWebView\Default lastActive=2026-08-27T10:13:57.567Z
2026-08-27 10:19:57.134: [INFO] LastUsedProfileDir: D:\Bhargavi V.SMART Web DotNet - Latest\V.SMART\V.SMART\bin\Debug\net9.0-windows10.0.19041.0\win10-x64\V.SMART.exe.WebView2\EBWebView\Default
2026-08-27 10:19:57.134: [INFO] MostRecentlyActiveProfile: name=Profile 1 path=D:\Bhargavi V.SMART Web DotNet - Latest\V.SMART\V.SMART\bin\Debug\net9.0-windows10.0.19041.0\win10-x64\V.SMART.exe.WebView2\EBWebView\Default lastActive=2026-08-27T10:13:57.567Z
2026-08-27 10:19:57.134: [INFO] OnDoneLoading sync enabled: 0
2026-08-27 10:19:57.134: [INFO] BookmarkModelLoaded, ids_reassigned: 0
2026-08-27 10:19:57.134: [INFO] BookmarksLoadDropped droppedNodes=0
2026-08-27 10:19:57.134: [INFO] BookmarksSnapshot Startup total=0 bar=0 other=0 mobile=0 showBar=0 showBarNTP=1
2026-08-27 10:26:50.401: [INFO] BookmarksSnapshot Shutdown total=0 bar=0 other=0 mobile=0 showBar=0 showBarNTP=1
2026-08-27 10:35:22.085: [INFO] CurrentProfilePath: D:\Bhargavi V.SMART Web DotNet - Latest\V.SMART\V.SMART\bin\Debug\net9.0-windows10.0.19041.0\win10-x64\V.SMART.exe.WebView2\EBWebView\Default
2026-08-27 10:35:22.085: [INFO] Profiles total count: 1
2026-08-27 10:35:22.085: [INFO] Profile: name=Profile 1 path=D:\Bhargavi V.SMART Web DotNet - Latest\V.SMART\V.SMART\bin\Debug\net9.0-windows10.0.19041.0\win10-x64\V.SMART.exe.WebView2\EBWebView\Default lastActive=2026-08-27T10:26:09.604Z
2026-08-27 10:35:22.085: [INFO] LastUsedProfileDir: D:\Bhargavi V.SMART Web DotNet - Latest\V.SMART\V.SMART\bin\Debug\net9.0-windows10.0.19041.0\win10-x64\V.SMART.exe.WebView2\EBWebView\Default
2026-08-27 10:35:22.085: [INFO] MostRecentlyActiveProfile: name=Profile 1 path=D:\Bhargavi V.SMART Web DotNet - Latest\V.SMART\V.SMART\bin\Debug\net9.0-windows10.0.19041.0\win10-x64\V.SMART.exe.WebView2\EBWebView\Default lastActive=2026-08-27T10:26:09.604Z
2026-08-27 10:35:22.085: [INFO] OnDoneLoading sync enabled: 0
2026-08-27 10:35:22.085: [INFO] BookmarkModelLoaded, ids_reassigned: 0
2026-08-27 10:35:22.085: [INFO] BookmarksLoadDropped droppedNodes=0
2026-08-27 10:35:22.085: [INFO] BookmarksSnapshot Startup total=0 bar=0 other=0 mobile=0 showBar=0 showBarNTP=1
2026-08-27 10:37:02.746: [INFO] BookmarksSnapshot Shutdown total=0 bar=0 other=0 mobile=0 showBar=0 showBarNTP=1
2026-08-28 04:19:20.972: [INFO] CurrentProfilePath: D:\Bhargavi V.SMART Web DotNet - Latest\V.SMART\V.SMART\bin\Debug\net9.0-windows10.0.19041.0\win10-x64\V.SMART.exe.WebView2\EBWebView\Default
2026-08-28 04:19:20.972: [INFO] Profiles total count: 1
2026-08-28 04:19:20.974: [INFO] Profile: name=Profile 1 path=D:\Bhargavi V.SMART Web DotNet - Latest\V.SMART\V.SMART\bin\Debug\net9.0-windows10.0.19041.0\win10-x64\V.SMART.exe.WebView2\EBWebView\Default lastActive=2026-08-27T10:36:14.706Z
2026-08-28 04:19:20.974: [INFO] LastUsedProfileDir: D:\Bhargavi V.SMART Web DotNet - Latest\V.SMART\V.SMART\bin\Debug\net9.0-windows10.0.19041.0\win10-x64\V.SMART.exe.WebView2\EBWebView\Default
2026-08-28 04:19:20.974: [INFO] MostRecentlyActiveProfile: name=Profile 1 path=D:\Bhargavi V.SMART Web DotNet - Latest\V.SMART\V.SMART\bin\Debug\net9.0-windows10.0.19041.0\win10-x64\V.SMART.exe.WebView2\EBWebView\Default lastActive=2026-08-27T10:36:14.706Z
2026-08-28 04:19:20.974: [INFO] OnDoneLoading sync enabled: 0
2026-08-28 04:19:20.974: [INFO] BookmarkModelLoaded, ids_reassigned: 0
2026-08-28 04:19:20.974: [INFO] BookmarksLoadDropped droppedNodes=0
2026-08-28 04:19:20.974: [INFO] BookmarksSnapshot Startup total=0 bar=0 other=0 mobile=0 showBar=0 showBarNTP=1
2026-08-28 04:44:29.275: [INFO] BookmarksSnapshot Shutdown total=0 bar=0 other=0 mobile=0 showBar=0 showBarNTP=1
2026-08-28 07:21:34.667: [INFO] CurrentProfilePath: D:\Bhargavi V.SMART Web DotNet - Latest\V.SMART\V.SMART\bin\Debug\net9.0-windows10.0.19041.0\win10-x64\V.SMART.exe.WebView2\EBWebView\Default
2026-08-28 07:21:34.667: [INFO] Profiles total count: 1
2026-08-28 07:21:34.668: [INFO] Profile: name=Profile 1 path=D:\Bhargavi V.SMART Web DotNet - Latest\V.SMART\V.SMART\bin\Debug\net9.0-windows10.0.19041.0\win10-x64\V.SMART.exe.WebView2\EBWebView\Default lastActive=2026-08-28T04:19:33.550Z
2026-08-28 07:21:34.668: [INFO] LastUsedProfileDir: D:\Bhargavi V.SMART Web DotNet - Latest\V.SMART\V.SMART\bin\Debug\net9.0-windows10.0.19041.0\win10-x64\V.SMART.exe.WebView2\EBWebView\Default
2026-08-28 07:21:34.668: [INFO] MostRecentlyActiveProfile: name=Profile 1 path=D:\Bhargavi V.SMART Web DotNet - Latest\V.SMART\V.SMART\bin\Debug\net9.0-windows10.0.19041.0\win10-x64\V.SMART.exe.WebView2\EBWebView\Default lastActive=2026-08-28T04:19:33.550Z
2026-08-28 07:21:34.668: [INFO] OnDoneLoading sync enabled: 0
2026-08-28 07:21:34.668: [INFO] BookmarkModelLoaded, ids_reassigned: 0
2026-08-28 07:21:34.668: [INFO] BookmarksLoadDropped droppedNodes=0
2026-08-28 07:21:34.668: [INFO] BookmarksSnapshot Startup total=0 bar=0 other=0 mobile=0 showBar=0 showBarNTP=1
2026-08-28 07:42:59.671: [INFO] BookmarksSnapshot Shutdown total=0 bar=0 other=0 mobile=0 showBar=0 showBarNTP=1
2026-08-28 09:19:18.164: [INFO] CurrentProfilePath: D:\Bhargavi V.SMART Web DotNet - Latest\V.SMART\V.SMART\bin\Debug\net9.0-windows10.0.19041.0\win10-x64\V.SMART.exe.WebView2\EBWebView\Default
2026-08-28 09:19:18.164: [INFO] Profiles total count: 1
2026-08-28 09:19:18.165: [INFO] Profile: name=Profile 1 path=D:\Bhargavi V.SMART Web DotNet - Latest\V.SMART\V.SMART\bin\Debug\net9.0-windows10.0.19041.0\win10-x64\V.SMART.exe.WebView2\EBWebView\Default lastActive=2026-08-28T07:42:53.428Z
2026-08-28 09:19:18.165: [INFO] LastUsedProfileDir: D:\Bhargavi V.SMART Web DotNet - Latest\V.SMART\V.SMART\bin\Debug\net9.0-windows10.0.19041.0\win10-x64\V.SMART.exe.WebView2\EBWebView\Default
2026-08-28 09:19:18.165: [INFO] MostRecentlyActiveProfile: name=Profile 1 path=D:\Bhargavi V.SMART Web DotNet - Latest\V.SMART\V.SMART\bin\Debug\net9.0-windows10.0.19041.0\win10-x64\V.SMART.exe.WebView2\EBWebView\Default lastActive=2026-08-28T07:42:53.428Z
2026-08-28 09:19:18.165: [INFO] OnDoneLoading sync enabled: 0
2026-08-28 09:19:18.165: [INFO] BookmarkModelLoaded, ids_reassigned: 0
2026-08-28 09:19:18.165: [INFO] BookmarksLoadDropped droppedNodes=0
2026-08-28 09:19:18.165: [INFO] BookmarksSnapshot Startup total=0 bar=0 other=0 mobile=0 showBar=0 showBarNTP=1
2026-08-28 09:21:22.863: [INFO] BookmarksSnapshot Shutdown total=0 bar=0 other=0 mobile=0 showBar=0 showBarNTP=1
2026-08-28 09:26:49.590: [INFO] CurrentProfilePath: D:\Bhargavi V.SMART Web DotNet - Latest\V.SMART\V.SMART\bin\Debug\net9.0-windows10.0.19041.0\win10-x64\V.SMART.exe.WebView2\EBWebView\Default
2026-08-28 09:26:49.591: [INFO] Profiles total count: 1
2026-08-28 09:26:49.592: [INFO] Profile: name=Profile 1 path=D:\Bhargavi V.SMART Web DotNet - Latest\V.SMART\V.SMART\bin\Debug\net9.0-windows10.0.19041.0\win10-x64\V.SMART.exe.WebView2\EBWebView\Default lastActive=2026-08-28T09:19:47.790Z
2026-08-28 09:26:49.592: [INFO] LastUsedProfileDir: D:\Bhargavi V.SMART Web DotNet - Latest\V.SMART\V.SMART\bin\Debug\net9.0-windows10.0.19041.0\win10-x64\V.SMART.exe.WebView2\EBWebView\Default
2026-08-28 09:26:49.592: [INFO] MostRecentlyActiveProfile: name=Profile 1 path=D:\Bhargavi V.SMART Web DotNet - Latest\V.SMART\V.SMART\bin\Debug\net9.0-windows10.0.19041.0\win10-x64\V.SMART.exe.WebView2\EBWebView\Default lastActive=2026-08-28T09:19:47.790Z
2026-08-28 09:26:49.592: [INFO] OnDoneLoading sync enabled: 0
2026-08-28 09:26:49.592: [INFO] BookmarkModelLoaded, ids_reassigned: 0
2026-08-28 09:26:49.592: [INFO] BookmarksLoadDropped droppedNodes=0
2026-08-28 09:26:49.592: [INFO] BookmarksSnapshot Startup total=0 bar=0 other=0 mobile=0 showBar=0 showBarNTP=1
2026-08-28 09:38:21.154: [INFO] BookmarksSnapshot Shutdown total=0 bar=0 other=0 mobile=0 showBar=0 showBarNTP=1
2026-08-28 09:48:14.097: [INFO] CurrentProfilePath: D:\Bhargavi V.SMART Web DotNet - Latest\V.SMART\V.SMART\bin\Debug\net9.0-windows10.0.19041.0\win10-x64\V.SMART.exe.WebView2\EBWebView\Default
2026-08-28 09:48:14.097: [INFO] Profiles total count: 1
2026-08-28 09:48:14.098: [INFO] Profile: name=Profile 1 path=D:\Bhargavi V.SMART Web DotNet - Latest\V.SMART\V.SMART\bin\Debug\net9.0-windows10.0.19041.0\win10-x64\V.SMART.exe.WebView2\EBWebView\Default lastActive=2026-08-28T09:28:41.229Z
2026-08-28 09:48:14.098: [INFO] LastUsedProfileDir: D:\Bhargavi V.SMART Web DotNet - Latest\V.SMART\V.SMART\bin\Debug\net9.0-windows10.0.19041.0\win10-x64\V.SMART.exe.WebView2\EBWebView\Default
2026-08-28 09:48:14.098: [INFO] MostRecentlyActiveProfile: name=Profile 1 path=D:\Bhargavi V.SMART Web DotNet - Latest\V.SMART\V.SMART\bin\Debug\net9.0-windows10.0.19041.0\win10-x64\V.SMART.exe.WebView2\EBWebView\Default lastActive=2026-08-28T09:28:41.229Z
2026-08-28 09:48:14.098: [INFO] OnDoneLoading sync enabled: 0
2026-08-28 09:48:14.098: [INFO] BookmarkModelLoaded, ids_reassigned: 0
2026-08-28 09:48:14.098: [INFO] BookmarksLoadDropped droppedNodes=0
2026-08-28 09:48:14.098: [INFO] BookmarksSnapshot Startup total=0 bar=0 other=0 mobile=0 showBar=0 showBarNTP=1
2026-08-28 09:56:37.546: [INFO] BookmarksSnapshot Shutdown total=0 bar=0 other=0 mobile=0 showBar=0 showBarNTP=1
2026-08-28 10:01:33.227: [INFO] CurrentProfilePath: D:\Bhargavi V.SMART Web DotNet - Latest\V.SMART\V.SMART\bin\Debug\net9.0-windows10.0.19041.0\win10-x64\V.SMART.exe.WebView2\EBWebView\Default
2026-08-28 10:01:33.227: [INFO] Profiles total count: 1
2026-08-28 10:01:33.228: [INFO] Profile: name=Profile 1 path=D:\Bhargavi V.SMART Web DotNet - Latest\V.SMART\V.SMART\bin\Debug\net9.0-windows10.0.19041.0\win10-x64\V.SMART.exe.WebView2\EBWebView\Default lastActive=2026-08-28T09:48:14.915Z
2026-08-28 10:01:33.228: [INFO] LastUsedProfileDir: D:\Bhargavi V.SMART Web DotNet - Latest\V.SMART\V.SMART\bin\Debug\net9.0-windows10.0.19041.0\win10-x64\V.SMART.exe.WebView2\EBWebView\Default
2026-08-28 10:01:33.228: [INFO] MostRecentlyActiveProfile: name=Profile 1 path=D:\Bhargavi V.SMART Web DotNet - Latest\V.SMART\V.SMART\bin\Debug\net9.0-windows10.0.19041.0\win10-x64\V.SMART.exe.WebView2\EBWebView\Default lastActive=2026-08-28T09:48:14.915Z
2026-08-28 10:01:33.228: [INFO] OnDoneLoading sync enabled: 0
2026-08-28 10:01:33.228: [INFO] BookmarkModelLoaded, ids_reassigned: 0
2026-08-28 10:01:33.228: [INFO] BookmarksLoadDropped droppedNodes=0
2026-08-28 10:01:33.228: [INFO] BookmarksSnapshot Startup total=0 bar=0 other=0 mobile=0 showBar=0 showBarNTP=1
2026-08-28 10:03:09.132: [INFO] BookmarksSnapshot Shutdown total=0 bar=0 other=0 mobile=0 showBar=0 showBarNTP=1
2026-08-28 10:16:41.350: [INFO] CurrentProfilePath: D:\Bhargavi V.SMART Web DotNet - Latest\V.SMART\V.SMART\bin\Debug\net9.0-windows10.0.19041.0\win10-x64\V.SMART.exe.WebView2\EBWebView\Default
2026-08-28 10:16:41.350: [INFO] Profiles total count: 1
2026-08-28 10:16:41.352: [INFO] Profile: name=Profile 1 path=D:\Bhargavi V.SMART Web DotNet - Latest\V.SMART\V.SMART\bin\Debug\net9.0-windows10.0.19041.0\win10-x64\V.SMART.exe.WebView2\EBWebView\Default lastActive=2026-08-28T10:01:33.644Z
2026-08-28 10:16:41.352: [INFO] LastUsedProfileDir: D:\Bhargavi V.SMART Web DotNet - Latest\V.SMART\V.SMART\bin\Debug\net9.0-windows10.0.19041.0\win10-x64\V.SMART.exe.WebView2\EBWebView\Default
2026-08-28 10:16:41.352: [INFO] MostRecentlyActiveProfile: name=Profile 1 path=D:\Bhargavi V.SMART Web DotNet - Latest\V.SMART\V.SMART\bin\Debug\net9.0-windows10.0.19041.0\win10-x64\V.SMART.exe.WebView2\EBWebView\Default lastActive=2026-08-28T10:01:33.644Z
2026-08-28 10:16:41.352: [INFO] OnDoneLoading sync enabled: 0
2026-08-28 10:16:41.352: [INFO] BookmarkModelLoaded, ids_reassigned: 0
2026-08-28 10:16:41.352: [INFO] BookmarksLoadDropped droppedNodes=0
2026-08-28 10:16:41.352: [INFO] BookmarksSnapshot Startup total=0 bar=0 other=0 mobile=0 showBar=0 showBarNTP=1
2026-08-28 10:18:58.973: [INFO] BookmarksSnapshot Shutdown total=0 bar=0 other=0 mobile=0 showBar=0 showBarNTP=1
2026-08-28 10:32:45.242: [INFO] CurrentProfilePath: D:\Bhargavi V.SMART Web DotNet - Latest\V.SMART\V.SMART\bin\Debug\net9.0-windows10.0.19041.0\win10-x64\V.SMART.exe.WebView2\EBWebView\Default
2026-08-28 10:32:45.242: [INFO] Profiles total count: 1
2026-08-28 10:32:45.243: [INFO] Profile: name=Profile 1 path=D:\Bhargavi V.SMART Web DotNet - Latest\V.SMART\V.SMART\bin\Debug\net9.0-windows10.0.19041.0\win10-x64\V.SMART.exe.WebView2\EBWebView\Default lastActive=2026-08-28T10:18:24.010Z
2026-08-28 10:32:45.243: [INFO] LastUsedProfileDir: D:\Bhargavi V.SMART Web DotNet - Latest\V.SMART\V.SMART\bin\Debug\net9.0-windows10.0.19041.0\win10-x64\V.SMART.exe.WebView2\EBWebView\Default
2026-08-28 10:32:45.243: [INFO] MostRecentlyActiveProfile: name=Profile 1 path=D:\Bhargavi V.SMART Web DotNet - Latest\V.SMART\V.SMART\bin\Debug\net9.0-windows10.0.19041.0\win10-x64\V.SMART.exe.WebView2\EBWebView\Default lastActive=2026-08-28T10:18:24.010Z
2026-08-28 10:32:45.243: [INFO] OnDoneLoading sync enabled: 0
2026-08-28 10:32:45.243: [INFO] BookmarkModelLoaded, ids_reassigned: 0
2026-08-28 10:32:45.243: [INFO] BookmarksLoadDropped droppedNodes=0
2026-08-28 10:32:45.243: [INFO] BookmarksSnapshot Startup total=0 bar=0 other=0 mobile=0 showBar=0 showBarNTP=1
2026-08-28 10:33:11.348: [INFO] BookmarksSnapshot Shutdown total=0 bar=0 other=0 mobile=0 showBar=0 showBarNTP=1
2026-08-28 10:38:57.247: [INFO] CurrentProfilePath: D:\Bhargavi V.SMART Web DotNet - Latest\V.SMART\V.SMART\bin\Debug\net9.0-windows10.0.19041.0\win10-x64\V.SMART.exe.WebView2\EBWebView\Default
2026-08-28 10:38:57.247: [INFO] Profiles total count: 1
2026-08-28 10:38:57.248: [INFO] Profile: name=Profile 1 path=D:\Bhargavi V.SMART Web DotNet - Latest\V.SMART\V.SMART\bin\Debug\net9.0-windows10.0.19041.0\win10-x64\V.SMART.exe.WebView2\EBWebView\Default lastActive=2026-08-28T10:32:45.653Z
2026-08-28 10:38:57.248: [INFO] LastUsedProfileDir: D:\Bhargavi V.SMART Web DotNet - Latest\V.SMART\V.SMART\bin\Debug\net9.0-windows10.0.19041.0\win10-x64\V.SMART.exe.WebView2\EBWebView\Default
2026-08-28 10:38:57.248: [INFO] MostRecentlyActiveProfile: name=Profile 1 path=D:\Bhargavi V.SMART Web DotNet - Latest\V.SMART\V.SMART\bin\Debug\net9.0-windows10.0.19041.0\win10-x64\V.SMART.exe.WebView2\EBWebView\Default lastActive=2026-08-28T10:32:45.653Z
2026-08-28 10:38:57.248: [INFO] OnDoneLoading sync enabled: 0
2026-08-28 10:38:57.248: [INFO] BookmarkModelLoaded, ids_reassigned: 0
2026-08-28 10:38:57.248: [INFO] BookmarksLoadDropped droppedNodes=0
2026-08-28 10:38:57.248: [INFO] BookmarksSnapshot Startup total=0 bar=0 other=0 mobile=0 showBar=0 showBarNTP=1
2026-08-28 10:39:12.755: [INFO] BookmarksSnapshot Shutdown total=0 bar=0 other=0 mobile=0 showBar=0 showBarNTP=1
2026-08-28 10:40:27.702: [INFO] CurrentProfilePath: D:\Bhargavi V.SMART Web DotNet - Latest\V.SMART\V.SMART\bin\Debug\net9.0-windows10.0.19041.0\win10-x64\V.SMART.exe.WebView2\EBWebView\Default
2026-08-28 10:40:27.702: [INFO] Profiles total count: 1
2026-08-28 10:40:27.703: [INFO] Profile: name=Profile 1 path=D:\Bhargavi V.SMART Web DotNet - Latest\V.SMART\V.SMART\bin\Debug\net9.0-windows10.0.19041.0\win10-x64\V.SMART.exe.WebView2\EBWebView\Default lastActive=2026-08-28T10:38:57.718Z
2026-08-28 10:40:27.703: [INFO] LastUsedProfileDir: D:\Bhargavi V.SMART Web DotNet - Latest\V.SMART\V.SMART\bin\Debug\net9.0-windows10.0.19041.0\win10-x64\V.SMART.exe.WebView2\EBWebView\Default
2026-08-28 10:40:27.703: [INFO] MostRecentlyActiveProfile: name=Profile 1 path=D:\Bhargavi V.SMART Web DotNet - Latest\V.SMART\V.SMART\bin\Debug\net9.0-windows10.0.19041.0\win10-x64\V.SMART.exe.WebView2\EBWebView\Default lastActive=2026-08-28T10:38:57.718Z
2026-08-28 10:40:27.703: [INFO] OnDoneLoading sync enabled: 0
2026-08-28 10:40:27.703: [INFO] BookmarkModelLoaded, ids_reassigned: 0
2026-08-28 10:40:27.703: [INFO] BookmarksLoadDropped droppedNodes=0
2026-08-28 10:40:27.703: [INFO] BookmarksSnapshot Startup total=0 bar=0 other=0 mobile=0 showBar=0 showBarNTP=1
2026-08-28 10:40:45.135: [INFO] BookmarksSnapshot Shutdown total=0 bar=0 other=0 mobile=0 showBar=0 showBarNTP=1
2026-08-28 10:46:04.354: [INFO] CurrentProfilePath: D:\Bhargavi V.SMART Web DotNet - Latest\V.SMART\V.SMART\bin\Debug\net9.0-windows10.0.19041.0\win10-x64\V.SMART.exe.WebView2\EBWebView\Default
2026-08-28 10:46:04.355: [INFO] Profiles total count: 1
2026-08-28 10:46:04.356: [INFO] Profile: name=Profile 1 path=D:\Bhargavi V.SMART Web DotNet - Latest\V.SMART\V.SMART\bin\Debug\net9.0-windows10.0.19041.0\win10-x64\V.SMART.exe.WebView2\EBWebView\Default lastActive=2026-08-28T10:40:28.432Z
2026-08-28 10:46:04.356: [INFO] LastUsedProfileDir: D:\Bhargavi V.SMART Web DotNet - Latest\V.SMART\V.SMART\bin\Debug\net9.0-windows10.0.19041.0\win10-x64\V.SMART.exe.WebView2\EBWebView\Default
2026-08-28 10:46:04.356: [INFO] MostRecentlyActiveProfile: name=Profile 1 path=D:\Bhargavi V.SMART Web DotNet - Latest\V.SMART\V.SMART\bin\Debug\net9.0-windows10.0.19041.0\win10-x64\V.SMART.exe.WebView2\EBWebView\Default lastActive=2026-08-28T10:40:28.432Z
2026-08-28 10:46:04.356: [INFO] OnDoneLoading sync enabled: 0
2026-08-28 10:46:04.356: [INFO] BookmarkModelLoaded, ids_reassigned: 0
2026-08-28 10:46:04.356: [INFO] BookmarksLoadDropped droppedNodes=0
2026-08-28 10:46:04.356: [INFO] BookmarksSnapshot Startup total=0 bar=0 other=0 mobile=0 showBar=0 showBarNTP=1
2026-08-28 10:46:12.186: [INFO] BookmarksSnapshot Shutdown total=0 bar=0 other=0 mobile=0 showBar=0 showBarNTP=1
2026-08-28 10:49:10.504: [INFO] CurrentProfilePath: D:\Bhargavi V.SMART Web DotNet - Latest\V.SMART\V.SMART\bin\Debug\net9.0-windows10.0.19041.0\win10-x64\V.SMART.exe.WebView2\EBWebView\Default
2026-08-28 10:49:10.504: [INFO] Profiles total count: 1
2026-08-28 10:49:10.505: [INFO] Profile: name=Profile 1 path=D:\Bhargavi V.SMART Web DotNet - Latest\V.SMART\V.SMART\bin\Debug\net9.0-windows10.0.19041.0\win10-x64\V.SMART.exe.WebView2\EBWebView\Default lastActive=2026-08-28T10:46:07.215Z
2026-08-28 10:49:10.505: [INFO] LastUsedProfileDir: D:\Bhargavi V.SMART Web DotNet - Latest\V.SMART\V.SMART\bin\Debug\net9.0-windows10.0.19041.0\win10-x64\V.SMART.exe.WebView2\EBWebView\Default
2026-08-28 10:49:10.505: [INFO] MostRecentlyActiveProfile: name=Profile 1 path=D:\Bhargavi V.SMART Web DotNet - Latest\V.SMART\V.SMART\bin\Debug\net9.0-windows10.0.19041.0\win10-x64\V.SMART.exe.WebView2\EBWebView\Default lastActive=2026-08-28T10:46:07.215Z
2026-08-28 10:49:10.505: [INFO] OnDoneLoading sync enabled: 0
2026-08-28 10:49:10.505: [INFO] BookmarkModelLoaded, ids_reassigned: 0
2026-08-28 10:49:10.505: [INFO] BookmarksLoadDropped droppedNodes=0
2026-08-28 10:49:10.505: [INFO] BookmarksSnapshot Startup total=0 bar=0 other=0 mobile=0 showBar=0 showBarNTP=1
2026-08-28 10:49:19.290: [INFO] BookmarksSnapshot Shutdown total=0 bar=0 other=0 mobile=0 showBar=0 showBarNTP=1
2026-08-28 10:51:14.656: [INFO] CurrentProfilePath: D:\Bhargavi V.SMART Web DotNet - Latest\V.SMART\V.SMART\bin\Debug\net9.0-windows10.0.19041.0\win10-x64\V.SMART.exe.WebView2\EBWebView\Default
2026-08-28 10:51:14.656: [INFO] Profiles total count: 1
2026-08-28 10:51:14.657: [INFO] Profile: name=Profile 1 path=D:\Bhargavi V.SMART Web DotNet - Latest\V.SMART\V.SMART\bin\Debug\net9.0-windows10.0.19041.0\win10-x64\V.SMART.exe.WebView2\EBWebView\Default lastActive=2026-08-28T10:49:14.010Z
2026-08-28 10:51:14.657: [INFO] LastUsedProfileDir: D:\Bhargavi V.SMART Web DotNet - Latest\V.SMART\V.SMART\bin\Debug\net9.0-windows10.0.19041.0\win10-x64\V.SMART.exe.WebView2\EBWebView\Default
2026-08-28 10:51:14.657: [INFO] MostRecentlyActiveProfile: name=Profile 1 path=D:\Bhargavi V.SMART Web DotNet - Latest\V.SMART\V.SMART\bin\Debug\net9.0-windows10.0.19041.0\win10-x64\V.SMART.exe.WebView2\EBWebView\Default lastActive=2026-08-28T10:49:14.010Z
2026-08-28 10:51:14.657: [INFO] OnDoneLoading sync enabled: 0
2026-08-28 10:51:14.657: [INFO] BookmarkModelLoaded, ids_reassigned: 0
2026-08-28 10:51:14.657: [INFO] BookmarksLoadDropped droppedNodes=0
2026-08-28 10:51:14.657: [INFO] BookmarksSnapshot Startup total=0 bar=0 other=0 mobile=0 showBar=0 showBarNTP=1
2026-08-28 10:51:18.226: [INFO] BookmarksSnapshot Shutdown total=0 bar=0 other=0 mobile=0 showBar=0 showBarNTP=1
2026-08-28 10:56:57.034: [INFO] CurrentProfilePath: D:\Bhargavi V.SMART Web DotNet - Latest\V.SMART\V.SMART\bin\Debug\net9.0-windows10.0.19041.0\win10-x64\V.SMART.exe.WebView2\EBWebView\Default
2026-08-28 10:56:57.034: [INFO] Profiles total count: 1
2026-08-28 10:56:57.055: [INFO] Profile: name=Profile 1 path=D:\Bhargavi V.SMART Web DotNet - Latest\V.SMART\V.SMART\bin\Debug\net9.0-windows10.0.19041.0\win10-x64\V.SMART.exe.WebView2\EBWebView\Default lastActive=2026-08-28T10:51:15.139Z
2026-08-28 10:56:57.055: [INFO] LastUsedProfileDir: D:\Bhargavi V.SMART Web DotNet - Latest\V.SMART\V.SMART\bin\Debug\net9.0-windows10.0.19041.0\win10-x64\V.SMART.exe.WebView2\EBWebView\Default
2026-08-28 10:56:57.055: [INFO] MostRecentlyActiveProfile: name=Profile 1 path=D:\Bhargavi V.SMART Web DotNet - Latest\V.SMART\V.SMART\bin\Debug\net9.0-windows10.0.19041.0\win10-x64\V.SMART.exe.WebView2\EBWebView\Default lastActive=2026-08-28T10:51:15.139Z
2026-08-28 10:56:57.055: [INFO] OnDoneLoading sync enabled: 0
2026-08-28 10:56:57.055: [INFO] BookmarkModelLoaded, ids_reassigned: 0
2026-08-28 10:56:57.055: [INFO] BookmarksLoadDropped droppedNodes=0
2026-08-28 10:56:57.055: [INFO] BookmarksSnapshot Startup total=0 bar=0 other=0 mobile=0 showBar=0 showBarNTP=1
2026-08-28 10:57:14.139: [INFO] BookmarksSnapshot Shutdown total=0 bar=0 other=0 mobile=0 showBar=0 showBarNTP=1
2026-08-28 11:28:38.731: [INFO] CurrentProfilePath: D:\Bhargavi V.SMART Web DotNet - Latest\V.SMART\V.SMART\bin\Debug\net9.0-windows10.0.19041.0\win10-x64\V.SMART.exe.WebView2\EBWebView\Default
2026-08-28 11:28:38.731: [INFO] Profiles total count: 1
2026-08-28 11:28:38.733: [INFO] Profile: name=Profile 1 path=D:\Bhargavi V.SMART Web DotNet - Latest\V.SMART\V.SMART\bin\Debug\net9.0-windows10.0.19041.0\win10-x64\V.SMART.exe.WebView2\EBWebView\Default lastActive=2026-08-28T10:56:57.638Z
2026-08-28 11:28:38.733: [INFO] LastUsedProfileDir: D:\Bhargavi V.SMART Web DotNet - Latest\V.SMART\V.SMART\bin\Debug\net9.0-windows10.0.19041.0\win10-x64\V.SMART.exe.WebView2\EBWebView\Default
2026-08-28 11:28:38.733: [INFO] MostRecentlyActiveProfile: name=Profile 1 path=D:\Bhargavi V.SMART Web DotNet - Latest\V.SMART\V.SMART\bin\Debug\net9.0-windows10.0.19041.0\win10-x64\V.SMART.exe.WebView2\EBWebView\Default lastActive=2026-08-28T10:56:57.638Z
2026-08-28 11:28:38.733: [INFO] OnDoneLoading sync enabled: 0
2026-08-28 11:28:38.733: [INFO] BookmarkModelLoaded, ids_reassigned: 0
2026-08-28 11:28:38.733: [INFO] BookmarksLoadDropped droppedNodes=0
2026-08-28 11:28:38.733: [INFO] BookmarksSnapshot Startup total=0 bar=0 other=0 mobile=0 showBar=0 showBarNTP=1
2026-08-28 11:28:44.712: [INFO] BookmarksSnapshot Shutdown total=0 bar=0 other=0 mobile=0 showBar=0 showBarNTP=1
2026-08-28 11:29:16.158: [INFO] CurrentProfilePath: D:\Bhargavi V.SMART Web DotNet - Latest\V.SMART\V.SMART\bin\Debug\net9.0-windows10.0.19041.0\win10-x64\V.SMART.exe.WebView2\EBWebView\Default
2026-08-28 11:29:16.158: [INFO] Profiles total count: 1
2026-08-28 11:29:16.160: [INFO] Profile: name=Profile 1 path=D:\Bhargavi V.SMART Web DotNet - Latest\V.SMART\V.SMART\bin\Debug\net9.0-windows10.0.19041.0\win10-x64\V.SMART.exe.WebView2\EBWebView\Default lastActive=2026-08-28T11:28:38.977Z
2026-08-28 11:29:16.160: [INFO] LastUsedProfileDir: D:\Bhargavi V.SMART Web DotNet - Latest\V.SMART\V.SMART\bin\Debug\net9.0-windows10.0.19041.0\win10-x64\V.SMART.exe.WebView2\EBWebView\Default
2026-08-28 11:29:16.160: [INFO] MostRecentlyActiveProfile: name=Profile 1 path=D:\Bhargavi V.SMART Web DotNet - Latest\V.SMART\V.SMART\bin\Debug\net9.0-windows10.0.19041.0\win10-x64\V.SMART.exe.WebView2\EBWebView\Default lastActive=2026-08-28T11:28:38.977Z
2026-08-28 11:29:16.160: [INFO] OnDoneLoading sync enabled: 0
2026-08-28 11:29:16.160: [INFO] BookmarkModelLoaded, ids_reassigned: 0
2026-08-28 11:29:16.160: [INFO] BookmarksLoadDropped droppedNodes=0
2026-08-28 11:29:16.160: [INFO] BookmarksSnapshot Startup total=0 bar=0 other=0 mobile=0 showBar=0 showBarNTP=1
2026-08-28 11:29:38.474: [INFO] BookmarksSnapshot Shutdown total=0 bar=0 other=0 mobile=0 showBar=0 showBarNTP=1
2026-08-28 11:30:07.311: [INFO] CurrentProfilePath: D:\Bhargavi V.SMART Web DotNet - Latest\V.SMART\V.SMART\bin\Debug\net9.0-windows10.0.19041.0\win10-x64\V.SMART.exe.WebView2\EBWebView\Default
2026-08-28 11:30:07.311: [INFO] Profiles total count: 1
2026-08-28 11:30:07.312: [INFO] Profile: name=Profile 1 path=D:\Bhargavi V.SMART Web DotNet - Latest\V.SMART\V.SMART\bin\Debug\net9.0-windows10.0.19041.0\win10-x64\V.SMART.exe.WebView2\EBWebView\Default lastActive=2026-08-28T11:29:16.697Z
2026-08-28 11:30:07.312: [INFO] LastUsedProfileDir: D:\Bhargavi V.SMART Web DotNet - Latest\V.SMART\V.SMART\bin\Debug\net9.0-windows10.0.19041.0\win10-x64\V.SMART.exe.WebView2\EBWebView\Default
2026-08-28 11:30:07.312: [INFO] MostRecentlyActiveProfile: name=Profile 1 path=D:\Bhargavi V.SMART Web DotNet - Latest\V.SMART\V.SMART\bin\Debug\net9.0-windows10.0.19041.0\win10-x64\V.SMART.exe.WebView2\EBWebView\Default lastActive=2026-08-28T11:29:16.697Z
2026-08-28 11:30:07.312: [INFO] OnDoneLoading sync enabled: 0
2026-08-28 11:30:07.312: [INFO] BookmarkModelLoaded, ids_reassigned: 0
2026-08-28 11:30:07.312: [INFO] BookmarksLoadDropped droppedNodes=0
2026-08-28 11:30:07.312: [INFO] BookmarksSnapshot Startup total=0 bar=0 other=0 mobile=0 showBar=0 showBarNTP=1
2026-08-28 11:30:42.894: [INFO] BookmarksSnapshot Shutdown total=0 bar=0 other=0 mobile=0 showBar=0 showBarNTP=1
2026-08-28 11:32:16.373: [INFO] CurrentProfilePath: D:\Bhargavi V.SMART Web DotNet - Latest\V.SMART\V.SMART\bin\Debug\net9.0-windows10.0.19041.0\win10-x64\V.SMART.exe.WebView2\EBWebView\Default
2026-08-28 11:32:16.373: [INFO] Profiles total count: 1
2026-08-28 11:32:16.375: [INFO] Profile: name=Profile 1 path=D:\Bhargavi V.SMART Web DotNet - Latest\V.SMART\V.SMART\bin\Debug\net9.0-windows10.0.19041.0\win10-x64\V.SMART.exe.WebView2\EBWebView\Default lastActive=2026-08-28T11:30:07.697Z
2026-08-28 11:32:16.375: [INFO] LastUsedProfileDir: D:\Bhargavi V.SMART Web DotNet - Latest\V.SMART\V.SMART\bin\Debug\net9.0-windows10.0.19041.0\win10-x64\V.SMART.exe.WebView2\EBWebView\Default
2026-08-28 11:32:16.375: [INFO] MostRecentlyActiveProfile: name=Profile 1 path=D:\Bhargavi V.SMART Web DotNet - Latest\V.SMART\V.SMART\bin\Debug\net9.0-windows10.0.19041.0\win10-x64\V.SMART.exe.WebView2\EBWebView\Default lastActive=2026-08-28T11:30:07.697Z
2026-08-28 11:32:16.375: [INFO] OnDoneLoading sync enabled: 0
2026-08-28 11:32:16.375: [INFO] BookmarkModelLoaded, ids_reassigned: 0
2026-08-28 11:32:16.375: [INFO] BookmarksLoadDropped droppedNodes=0
2026-08-28 11:32:16.375: [INFO] BookmarksSnapshot Startup total=0 bar=0 other=0 mobile=0 showBar=0 showBarNTP=1
2026-08-28 11:32:37.596: [INFO] BookmarksSnapshot Shutdown total=0 bar=0 other=0 mobile=0 showBar=0 showBarNTP=1
2026-08-28 11:37:41.680: [INFO] CurrentProfilePath: D:\Bhargavi V.SMART Web DotNet - Latest\V.SMART\V.SMART\bin\Debug\net9.0-windows10.0.19041.0\win10-x64\V.SMART.exe.WebView2\EBWebView\Default
2026-08-28 11:37:41.680: [INFO] Profiles total count: 1
2026-08-28 11:37:41.681: [INFO] Profile: name=Profile 1 path=D:\Bhargavi V.SMART Web DotNet - Latest\V.SMART\V.SMART\bin\Debug\net9.0-windows10.0.19041.0\win10-x64\V.SMART.exe.WebView2\EBWebView\Default lastActive=2026-08-28T11:32:16.542Z
2026-08-28 11:37:41.681: [INFO] LastUsedProfileDir: D:\Bhargavi V.SMART Web DotNet - Latest\V.SMART\V.SMART\bin\Debug\net9.0-windows10.0.19041.0\win10-x64\V.SMART.exe.WebView2\EBWebView\Default
2026-08-28 11:37:41.681: [INFO] MostRecentlyActiveProfile: name=Profile 1 path=D:\Bhargavi V.SMART Web DotNet - Latest\V.SMART\V.SMART\bin\Debug\net9.0-windows10.0.19041.0\win10-x64\V.SMART.exe.WebView2\EBWebView\Default lastActive=2026-08-28T11:32:16.542Z
2026-08-28 11:37:41.681: [INFO] OnDoneLoading sync enabled: 0
2026-08-28 11:37:41.681: [INFO] BookmarkModelLoaded, ids_reassigned: 0
2026-08-28 11:37:41.681: [INFO] BookmarksLoadDropped droppedNodes=0
2026-08-28 11:37:41.681: [INFO] BookmarksSnapshot Startup total=0 bar=0 other=0 mobile=0 showBar=0 showBarNTP=1
2026-08-28 11:39:08.317: [INFO] BookmarksSnapshot Shutdown total=0 bar=0 other=0 mobile=0 showBar=0 showBarNTP=1
2026-08-28 11:41:55.991: [INFO] CurrentProfilePath: D:\Bhargavi V.SMART Web DotNet - Latest\V.SMART\V.SMART\bin\Debug\net9.0-windows10.0.19041.0\win10-x64\V.SMART.exe.WebView2\EBWebView\Default
2026-08-28 11:41:55.991: [INFO] Profiles total count: 1
2026-08-28 11:41:55.993: [INFO] Profile: name=Profile 1 path=D:\Bhargavi V.SMART Web DotNet - Latest\V.SMART\V.SMART\bin\Debug\net9.0-windows10.0.19041.0\win10-x64\V.SMART.exe.WebView2\EBWebView\Default lastActive=2026-08-28T11:38:46.346Z
2026-08-28 11:41:55.993: [INFO] LastUsedProfileDir: D:\Bhargavi V.SMART Web DotNet - Latest\V.SMART\V.SMART\bin\Debug\net9.0-windows10.0.19041.0\win10-x64\V.SMART.exe.WebView2\EBWebView\Default
2026-08-28 11:41:55.993: [INFO] MostRecentlyActiveProfile: name=Profile 1 path=D:\Bhargavi V.SMART Web DotNet - Latest\V.SMART\V.SMART\bin\Debug\net9.0-windows10.0.19041.0\win10-x64\V.SMART.exe.WebView2\EBWebView\Default lastActive=2026-08-28T11:38:46.346Z
2026-08-28 11:41:55.993: [INFO] OnDoneLoading sync enabled: 0
2026-08-28 11:41:55.993: [INFO] BookmarkModelLoaded, ids_reassigned: 0
2026-08-28 11:41:55.993: [INFO] BookmarksLoadDropped droppedNodes=0
2026-08-28 11:41:55.993: [INFO] BookmarksSnapshot Startup total=0 bar=0 other=0 mobile=0 showBar=0 showBarNTP=1
2026-08-28 11:42:13.102: [INFO] BookmarksSnapshot Shutdown total=0 bar=0 other=0 mobile=0 showBar=0 showBarNTP=1
2026-08-28 11:45:00.386: [INFO] CurrentProfilePath: D:\Bhargavi V.SMART Web DotNet - Latest\V.SMART\V.SMART\bin\Debug\net9.0-windows10.0.19041.0\win10-x64\V.SMART.exe.WebView2\EBWebView\Default
2026-08-28 11:45:00.386: [INFO] Profiles total count: 1
2026-08-28 11:45:00.387: [INFO] Profile: name=Profile 1 path=D:\Bhargavi V.SMART Web DotNet - Latest\V.SMART\V.SMART\bin\Debug\net9.0-windows10.0.19041.0\win10-x64\V.SMART.exe.WebView2\EBWebView\Default lastActive=2026-08-28T11:41:56.433Z
2026-08-28 11:45:00.387: [INFO] LastUsedProfileDir: D:\Bhargavi V.SMART Web DotNet - Latest\V.SMART\V.SMART\bin\Debug\net9.0-windows10.0.19041.0\win10-x64\V.SMART.exe.WebView2\EBWebView\Default
2026-08-28 11:45:00.387: [INFO] MostRecentlyActiveProfile: name=Profile 1 path=D:\Bhargavi V.SMART Web DotNet - Latest\V.SMART\V.SMART\bin\Debug\net9.0-windows10.0.19041.0\win10-x64\V.SMART.exe.WebView2\EBWebView\Default lastActive=2026-08-28T11:41:56.433Z
2026-08-28 11:45:00.387: [INFO] OnDoneLoading sync enabled: 0
2026-08-28 11:45:00.387: [INFO] BookmarkModelLoaded, ids_reassigned: 0
2026-08-28 11:45:00.387: [INFO] BookmarksLoadDropped droppedNodes=0
2026-08-28 11:45:00.387: [INFO] BookmarksSnapshot Startup total=0 bar=0 other=0 mobile=0 showBar=0 showBarNTP=1
2026-08-28 11:45:21.015: [INFO] BookmarksSnapshot Shutdown total=0 bar=0 other=0 mobile=0 showBar=0 showBarNTP=1
2026-08-28 11:47:08.954: [INFO] CurrentProfilePath: D:\Bhargavi V.SMART Web DotNet - Latest\V.SMART\V.SMART\bin\Debug\net9.0-windows10.0.19041.0\win10-x64\V.SMART.exe.WebView2\EBWebView\Default
2026-08-28 11:47:08.954: [INFO] Profiles total count: 1
2026-08-28 11:47:08.955: [INFO] Profile: name=Profile 1 path=D:\Bhargavi V.SMART Web DotNet - Latest\V.SMART\V.SMART\bin\Debug\net9.0-windows10.0.19041.0\win10-x64\V.SMART.exe.WebView2\EBWebView\Default lastActive=2026-08-28T11:45:00.786Z
2026-08-28 11:47:08.955: [INFO] LastUsedProfileDir: D:\Bhargavi V.SMART Web DotNet - Latest\V.SMART\V.SMART\bin\Debug\net9.0-windows10.0.19041.0\win10-x64\V.SMART.exe.WebView2\EBWebView\Default
2026-08-28 11:47:08.955: [INFO] MostRecentlyActiveProfile: name=Profile 1 path=D:\Bhargavi V.SMART Web DotNet - Latest\V.SMART\V.SMART\bin\Debug\net9.0-windows10.0.19041.0\win10-x64\V.SMART.exe.WebView2\EBWebView\Default lastActive=2026-08-28T11:45:00.786Z
2026-08-28 11:47:08.955: [INFO] OnDoneLoading sync enabled: 0
2026-08-28 11:47:08.955: [INFO] BookmarkModelLoaded, ids_reassigned: 0
2026-08-28 11:47:08.955: [INFO] BookmarksLoadDropped droppedNodes=0
2026-08-28 11:47:08.955: [INFO] BookmarksSnapshot Startup total=0 bar=0 other=0 mobile=0 showBar=0 showBarNTP=1
2026-08-28 11:47:27.828: [INFO] BookmarksSnapshot Shutdown total=0 bar=0 other=0 mobile=0 showBar=0 showBarNTP=1
2026-08-28 11:50:44.090: [INFO] CurrentProfilePath: D:\Bhargavi V.SMART Web DotNet - Latest\V.SMART\V.SMART\bin\Debug\net9.0-windows10.0.19041.0\win10-x64\V.SMART.exe.WebView2\EBWebView\Default
2026-08-28 11:50:44.090: [INFO] Profiles total count: 1
2026-08-28 11:50:44.091: [INFO] Profile: name=Profile 1 path=D:\Bhargavi V.SMART Web DotNet - Latest\V.SMART\V.SMART\bin\Debug\net9.0-windows10.0.19041.0\win10-x64\V.SMART.exe.WebView2\EBWebView\Default lastActive=2026-08-28T11:47:09.240Z
2026-08-28 11:50:44.091: [INFO] LastUsedProfileDir: D:\Bhargavi V.SMART Web DotNet - Latest\V.SMART\V.SMART\bin\Debug\net9.0-windows10.0.19041.0\win10-x64\V.SMART.exe.WebView2\EBWebView\Default
2026-08-28 11:50:44.091: [INFO] MostRecentlyActiveProfile: name=Profile 1 path=D:\Bhargavi V.SMART Web DotNet - Latest\V.SMART\V.SMART\bin\Debug\net9.0-windows10.0.19041.0\win10-x64\V.SMART.exe.WebView2\EBWebView\Default lastActive=2026-08-28T11:47:09.240Z
2026-08-28 11:50:44.091: [INFO] OnDoneLoading sync enabled: 0
2026-08-28 11:50:44.091: [INFO] BookmarkModelLoaded, ids_reassigned: 0
2026-08-28 11:50:44.091: [INFO] BookmarksLoadDropped droppedNodes=0
2026-08-28 11:50:44.091: [INFO] BookmarksSnapshot Startup total=0 bar=0 other=0 mobile=0 showBar=0 showBarNTP=1
2026-08-28 11:51:05.135: [INFO] BookmarksSnapshot Shutdown total=0 bar=0 other=0 mobile=0 showBar=0 showBarNTP=1
2026-08-28 11:52:02.477: [INFO] CurrentProfilePath: D:\Bhargavi V.SMART Web DotNet - Latest\V.SMART\V.SMART\bin\Debug\net9.0-windows10.0.19041.0\win10-x64\V.SMART.exe.WebView2\EBWebView\Default
2026-08-28 11:52:02.477: [INFO] Profiles total count: 1
2026-08-28 11:52:02.479: [INFO] Profile: name=Profile 1 path=D:\Bhargavi V.SMART Web DotNet - Latest\V.SMART\V.SMART\bin\Debug\net9.0-windows10.0.19041.0\win10-x64\V.SMART.exe.WebView2\EBWebView\Default lastActive=2026-08-28T11:50:44.512Z
2026-08-28 11:52:02.479: [INFO] LastUsedProfileDir: D:\Bhargavi V.SMART Web DotNet - Latest\V.SMART\V.SMART\bin\Debug\net9.0-windows10.0.19041.0\win10-x64\V.SMART.exe.WebView2\EBWebView\Default
2026-08-28 11:52:02.479: [INFO] MostRecentlyActiveProfile: name=Profile 1 path=D:\Bhargavi V.SMART Web DotNet - Latest\V.SMART\V.SMART\bin\Debug\net9.0-windows10.0.19041.0\win10-x64\V.SMART.exe.WebView2\EBWebView\Default lastActive=2026-08-28T11:50:44.512Z
2026-08-28 11:52:02.479: [INFO] OnDoneLoading sync enabled: 0
2026-08-28 11:52:02.479: [INFO] BookmarkModelLoaded, ids_reassigned: 0
2026-08-28 11:52:02.479: [INFO] BookmarksLoadDropped droppedNodes=0
2026-08-28 11:52:02.479: [INFO] BookmarksSnapshot Startup total=0 bar=0 other=0 mobile=0 showBar=0 showBarNTP=1
2026-08-28 11:52:18.212: [INFO] BookmarksSnapshot Shutdown total=0 bar=0 other=0 mobile=0 showBar=0 showBarNTP=1
2026-08-28 12:07:10.920: [INFO] CurrentProfilePath: D:\Bhargavi V.SMART Web DotNet - Latest\V.SMART\V.SMART\bin\Debug\net9.0-windows10.0.19041.0\win10-x64\V.SMART.exe.WebView2\EBWebView\Default
2026-08-28 12:07:10.920: [INFO] Profiles total count: 1
2026-08-28 12:07:10.921: [INFO] Profile: name=Profile 1 path=D:\Bhargavi V.SMART Web DotNet - Latest\V.SMART\V.SMART\bin\Debug\net9.0-windows10.0.19041.0\win10-x64\V.SMART.exe.WebView2\EBWebView\Default lastActive=2026-08-28T11:53:39.954Z
2026-08-28 12:07:10.921: [INFO] LastUsedProfileDir: D:\Bhargavi V.SMART Web DotNet - Latest\V.SMART\V.SMART\bin\Debug\net9.0-windows10.0.19041.0\win10-x64\V.SMART.exe.WebView2\EBWebView\Default
2026-08-28 12:07:10.921: [INFO] MostRecentlyActiveProfile: name=Profile 1 path=D:\Bhargavi V.SMART Web DotNet - Latest\V.SMART\V.SMART\bin\Debug\net9.0-windows10.0.19041.0\win10-x64\V.SMART.exe.WebView2\EBWebView\Default lastActive=2026-08-28T11:53:39.954Z
2026-08-28 12:07:10.921: [INFO] OnDoneLoading sync enabled: 0
2026-08-28 12:07:10.921: [INFO] BookmarkModelLoaded, ids_reassigned: 0
2026-08-28 12:07:10.921: [INFO] BookmarksLoadDropped droppedNodes=0
2026-08-28 12:07:10.921: [INFO] BookmarksSnapshot Startup total=0 bar=0 other=0 mobile=0 showBar=0 showBarNTP=1
2026-08-28 12:07:26.427: [INFO] BookmarksSnapshot Shutdown total=0 bar=0 other=0 mobile=0 showBar=0 showBarNTP=1
2026-08-28 12:08:45.101: [INFO] CurrentProfilePath: D:\Bhargavi V.SMART Web DotNet - Latest\V.SMART\V.SMART\bin\Debug\net9.0-windows10.0.19041.0\win10-x64\V.SMART.exe.WebView2\EBWebView\Default
2026-08-28 12:08:45.101: [INFO] Profiles total count: 1
2026-08-28 12:08:45.102: [INFO] Profile: name=Profile 1 path=D:\Bhargavi V.SMART Web DotNet - Latest\V.SMART\V.SMART\bin\Debug\net9.0-windows10.0.19041.0\win10-x64\V.SMART.exe.WebView2\EBWebView\Default lastActive=2026-08-28T12:07:11.397Z
2026-08-28 12:08:45.102: [INFO] LastUsedProfileDir: D:\Bhargavi V.SMART Web DotNet - Latest\V.SMART\V.SMART\bin\Debug\net9.0-windows10.0.19041.0\win10-x64\V.SMART.exe.WebView2\EBWebView\Default
2026-08-28 12:08:45.102: [INFO] MostRecentlyActiveProfile: name=Profile 1 path=D:\Bhargavi V.SMART Web DotNet - Latest\V.SMART\V.SMART\bin\Debug\net9.0-windows10.0.19041.0\win10-x64\V.SMART.exe.WebView2\EBWebView\Default lastActive=2026-08-28T12:07:11.397Z
2026-08-28 12:08:45.102: [INFO] OnDoneLoading sync enabled: 0
2026-08-28 12:08:45.102: [INFO] BookmarkModelLoaded, ids_reassigned: 0
2026-08-28 12:08:45.102: [INFO] BookmarksLoadDropped droppedNodes=0
2026-08-28 12:08:45.102: [INFO] BookmarksSnapshot Startup total=0 bar=0 other=0 mobile=0 showBar=0 showBarNTP=1
2026-08-28 12:09:05.608: [INFO] BookmarksSnapshot Shutdown total=0 bar=0 other=0 mobile=0 showBar=0 showBarNTP=1
2026-08-28 12:11:12.156: [INFO] CurrentProfilePath: D:\Bhargavi V.SMART Web DotNet - Latest\V.SMART\V.SMART\bin\Debug\net9.0-windows10.0.19041.0\win10-x64\V.SMART.exe.WebView2\EBWebView\Default
2026-08-28 12:11:12.156: [INFO] Profiles total count: 1
2026-08-28 12:11:12.157: [INFO] Profile: name=Profile 1 path=D:\Bhargavi V.SMART Web DotNet - Latest\V.SMART\V.SMART\bin\Debug\net9.0-windows10.0.19041.0\win10-x64\V.SMART.exe.WebView2\EBWebView\Default lastActive=2026-08-28T12:08:45.674Z
2026-08-28 12:11:12.157: [INFO] LastUsedProfileDir: D:\Bhargavi V.SMART Web DotNet - Latest\V.SMART\V.SMART\bin\Debug\net9.0-windows10.0.19041.0\win10-x64\V.SMART.exe.WebView2\EBWebView\Default
2026-08-28 12:11:12.157: [INFO] MostRecentlyActiveProfile: name=Profile 1 path=D:\Bhargavi V.SMART Web DotNet - Latest\V.SMART\V.SMART\bin\Debug\net9.0-windows10.0.19041.0\win10-x64\V.SMART.exe.WebView2\EBWebView\Default lastActive=2026-08-28T12:08:45.674Z
2026-08-28 12:11:12.157: [INFO] OnDoneLoading sync enabled: 0
2026-08-28 12:11:12.157: [INFO] BookmarkModelLoaded, ids_reassigned: 0
2026-08-28 12:11:12.157: [INFO] BookmarksLoadDropped droppedNodes=0
2026-08-28 12:11:12.157: [INFO] BookmarksSnapshot Startup total=0 bar=0 other=0 mobile=0 showBar=0 showBarNTP=1
2026-08-28 12:11:20.606: [INFO] BookmarksSnapshot Shutdown total=0 bar=0 other=0 mobile=0 showBar=0 showBarNTP=1
2026-08-28 12:12:29.756: [INFO] CurrentProfilePath: D:\Bhargavi V.SMART Web DotNet - Latest\V.SMART\V.SMART\bin\Debug\net9.0-windows10.0.19041.0\win10-x64\V.SMART.exe.WebView2\EBWebView\Default
2026-08-28 12:12:29.756: [INFO] Profiles total count: 1
2026-08-28 12:12:29.757: [INFO] Profile: name=Profile 1 path=D:\Bhargavi V.SMART Web DotNet - Latest\V.SMART\V.SMART\bin\Debug\net9.0-windows10.0.19041.0\win10-x64\V.SMART.exe.WebView2\EBWebView\Default lastActive=2026-08-28T12:08:45.674Z
2026-08-28 12:12:29.757: [INFO] LastUsedProfileDir: D:\Bhargavi V.SMART Web DotNet - Latest\V.SMART\V.SMART\bin\Debug\net9.0-windows10.0.19041.0\win10-x64\V.SMART.exe.WebView2\EBWebView\Default
2026-08-28 12:12:29.757: [INFO] MostRecentlyActiveProfile: name=Profile 1 path=D:\Bhargavi V.SMART Web DotNet - Latest\V.SMART\V.SMART\bin\Debug\net9.0-windows10.0.19041.0\win10-x64\V.SMART.exe.WebView2\EBWebView\Default lastActive=2026-08-28T12:08:45.674Z
2026-08-28 12:12:29.757: [INFO] OnDoneLoading sync enabled: 0
2026-08-28 12:12:29.757: [INFO] BookmarkModelLoaded, ids_reassigned: 0
2026-08-28 12:12:29.757: [INFO] BookmarksLoadDropped droppedNodes=0
2026-08-28 12:12:29.757: [INFO] BookmarksSnapshot Startup total=0 bar=0 other=0 mobile=0 showBar=0 showBarNTP=1
2026-08-28 12:12:36.674: [INFO] BookmarksSnapshot Shutdown total=0 bar=0 other=0 mobile=0 showBar=0 showBarNTP=1
2026-08-28 12:13:24.857: [INFO] CurrentProfilePath: D:\Bhargavi V.SMART Web DotNet - Latest\V.SMART\V.SMART\bin\Debug\net9.0-windows10.0.19041.0\win10-x64\V.SMART.exe.WebView2\EBWebView\Default
2026-08-28 12:13:24.857: [INFO] Profiles total count: 1
2026-08-28 12:13:24.858: [INFO] Profile: name=Profile 1 path=D:\Bhargavi V.SMART Web DotNet - Latest\V.SMART\V.SMART\bin\Debug\net9.0-windows10.0.19041.0\win10-x64\V.SMART.exe.WebView2\EBWebView\Default lastActive=2026-08-28T12:12:30.084Z
2026-08-28 12:13:24.858: [INFO] LastUsedProfileDir: D:\Bhargavi V.SMART Web DotNet - Latest\V.SMART\V.SMART\bin\Debug\net9.0-windows10.0.19041.0\win10-x64\V.SMART.exe.WebView2\EBWebView\Default
2026-08-28 12:13:24.858: [INFO] MostRecentlyActiveProfile: name=Profile 1 path=D:\Bhargavi V.SMART Web DotNet - Latest\V.SMART\V.SMART\bin\Debug\net9.0-windows10.0.19041.0\win10-x64\V.SMART.exe.WebView2\EBWebView\Default lastActive=2026-08-28T12:12:30.084Z
2026-08-28 12:13:24.858: [INFO] OnDoneLoading sync enabled: 0
2026-08-28 12:13:24.858: [INFO] BookmarkModelLoaded, ids_reassigned: 0
2026-08-28 12:13:24.858: [INFO] BookmarksLoadDropped droppedNodes=0
2026-08-28 12:13:24.858: [INFO] BookmarksSnapshot Startup total=0 bar=0 other=0 mobile=0 showBar=0 showBarNTP=1
2026-08-28 12:13:45.675: [INFO] BookmarksSnapshot Shutdown total=0 bar=0 other=0 mobile=0 showBar=0 showBarNTP=1
2026-08-28 12:14:52.040: [INFO] CurrentProfilePath: D:\Bhargavi V.SMART Web DotNet - Latest\V.SMART\V.SMART\bin\Debug\net9.0-windows10.0.19041.0\win10-x64\V.SMART.exe.WebView2\EBWebView\Default
2026-08-28 12:14:52.040: [INFO] Profiles total count: 1
2026-08-28 12:14:52.048: [INFO] Profile: name=Profile 1 path=D:\Bhargavi V.SMART Web DotNet - Latest\V.SMART\V.SMART\bin\Debug\net9.0-windows10.0.19041.0\win10-x64\V.SMART.exe.WebView2\EBWebView\Default lastActive=2026-08-28T12:13:25.134Z
2026-08-28 12:14:52.048: [INFO] LastUsedProfileDir: D:\Bhargavi V.SMART Web DotNet - Latest\V.SMART\V.SMART\bin\Debug\net9.0-windows10.0.19041.0\win10-x64\V.SMART.exe.WebView2\EBWebView\Default
2026-08-28 12:14:52.048: [INFO] MostRecentlyActiveProfile: name=Profile 1 path=D:\Bhargavi V.SMART Web DotNet - Latest\V.SMART\V.SMART\bin\Debug\net9.0-windows10.0.19041.0\win10-x64\V.SMART.exe.WebView2\EBWebView\Default lastActive=2026-08-28T12:13:25.134Z
2026-08-28 12:14:52.048: [INFO] OnDoneLoading sync enabled: 0
2026-08-28 12:14:52.048: [INFO] BookmarkModelLoaded, ids_reassigned: 0
2026-08-28 12:14:52.048: [INFO] BookmarksLoadDropped droppedNodes=0
2026-08-28 12:14:52.048: [INFO] BookmarksSnapshot Startup total=0 bar=0 other=0 mobile=0 showBar=0 showBarNTP=1
2026-08-28 12:15:11.121: [INFO] BookmarksSnapshot Shutdown total=0 bar=0 other=0 mobile=0 showBar=0 showBarNTP=1
2026-08-28 12:17:10.544: [INFO] CurrentProfilePath: D:\Bhargavi V.SMART Web DotNet - Latest\V.SMART\V.SMART\bin\Debug\net9.0-windows10.0.19041.0\win10-x64\V.SMART.exe.WebView2\EBWebView\Default
2026-08-28 12:17:10.544: [INFO] Profiles total count: 1
2026-08-28 12:17:10.547: [INFO] Profile: name=Profile 1 path=D:\Bhargavi V.SMART Web DotNet - Latest\V.SMART\V.SMART\bin\Debug\net9.0-windows10.0.19041.0\win10-x64\V.SMART.exe.WebView2\EBWebView\Default lastActive=2026-08-28T12:14:52.772Z
2026-08-28 12:17:10.547: [INFO] LastUsedProfileDir: D:\Bhargavi V.SMART Web DotNet - Latest\V.SMART\V.SMART\bin\Debug\net9.0-windows10.0.19041.0\win10-x64\V.SMART.exe.WebView2\EBWebView\Default
2026-08-28 12:17:10.547: [INFO] MostRecentlyActiveProfile: name=Profile 1 path=D:\Bhargavi V.SMART Web DotNet - Latest\V.SMART\V.SMART\bin\Debug\net9.0-windows10.0.19041.0\win10-x64\V.SMART.exe.WebView2\EBWebView\Default lastActive=2026-08-28T12:14:52.772Z
2026-08-28 12:17:10.547: [INFO] OnDoneLoading sync enabled: 0
2026-08-28 12:17:10.547: [INFO] BookmarkModelLoaded, ids_reassigned: 0
2026-08-28 12:17:10.547: [INFO] BookmarksLoadDropped droppedNodes=0
2026-08-28 12:17:10.547: [INFO] BookmarksSnapshot Startup total=0 bar=0 other=0 mobile=0 showBar=0 showBarNTP=1
2026-08-28 12:19:18.740: [INFO] BookmarksSnapshot Shutdown total=0 bar=0 other=0 mobile=0 showBar=0 showBarNTP=1
2026-08-28 12:32:18.419: [INFO] CurrentProfilePath: D:\Bhargavi V.SMART Web DotNet - Latest\V.SMART\V.SMART\bin\Debug\net9.0-windows10.0.19041.0\win10-x64\V.SMART.exe.WebView2\EBWebView\Default
2026-08-28 12:32:18.419: [INFO] Profiles total count: 1
2026-08-28 12:32:18.421: [INFO] Profile: name=Profile 1 path=D:\Bhargavi V.SMART Web DotNet - Latest\V.SMART\V.SMART\bin\Debug\net9.0-windows10.0.19041.0\win10-x64\V.SMART.exe.WebView2\EBWebView\Default lastActive=2026-08-28T12:17:28.149Z
2026-08-28 12:32:18.421: [INFO] LastUsedProfileDir: D:\Bhargavi V.SMART Web DotNet - Latest\V.SMART\V.SMART\bin\Debug\net9.0-windows10.0.19041.0\win10-x64\V.SMART.exe.WebView2\EBWebView\Default
2026-08-28 12:32:18.421: [INFO] MostRecentlyActiveProfile: name=Profile 1 path=D:\Bhargavi V.SMART Web DotNet - Latest\V.SMART\V.SMART\bin\Debug\net9.0-windows10.0.19041.0\win10-x64\V.SMART.exe.WebView2\EBWebView\Default lastActive=2026-08-28T12:17:28.149Z
2026-08-28 12:32:18.421: [INFO] OnDoneLoading sync enabled: 0
2026-08-28 12:32:18.421: [INFO] BookmarkModelLoaded, ids_reassigned: 0
2026-08-28 12:32:18.421: [INFO] BookmarksLoadDropped droppedNodes=0
2026-08-28 12:32:18.421: [INFO] BookmarksSnapshot Startup total=0 bar=0 other=0 mobile=0 showBar=0 showBarNTP=1
2026-08-28 12:32:35.720: [INFO] BookmarksSnapshot Shutdown total=0 bar=0 other=0 mobile=0 showBar=0 showBarNTP=1
2026-08-28 12:33:59.852: [INFO] CurrentProfilePath: D:\Bhargavi V.SMART Web DotNet - Latest\V.SMART\V.SMART\bin\Debug\net9.0-windows10.0.19041.0\win10-x64\V.SMART.exe.WebView2\EBWebView\Default
2026-08-28 12:33:59.852: [INFO] Profiles total count: 1
2026-08-28 12:33:59.854: [INFO] Profile: name=Profile 1 path=D:\Bhargavi V.SMART Web DotNet - Latest\V.SMART\V.SMART\bin\Debug\net9.0-windows10.0.19041.0\win10-x64\V.SMART.exe.WebView2\EBWebView\Default lastActive=2026-08-28T12:32:19.250Z
2026-08-28 12:33:59.854: [INFO] LastUsedProfileDir: D:\Bhargavi V.SMART Web DotNet - Latest\V.SMART\V.SMART\bin\Debug\net9.0-windows10.0.19041.0\win10-x64\V.SMART.exe.WebView2\EBWebView\Default
2026-08-28 12:33:59.854: [INFO] MostRecentlyActiveProfile: name=Profile 1 path=D:\Bhargavi V.SMART Web DotNet - Latest\V.SMART\V.SMART\bin\Debug\net9.0-windows10.0.19041.0\win10-x64\V.SMART.exe.WebView2\EBWebView\Default lastActive=2026-08-28T12:32:19.250Z
2026-08-28 12:33:59.854: [INFO] OnDoneLoading sync enabled: 0
2026-08-28 12:33:59.854: [INFO] BookmarkModelLoaded, ids_reassigned: 0
2026-08-28 12:33:59.854: [INFO] BookmarksLoadDropped droppedNodes=0
2026-08-28 12:33:59.854: [INFO] BookmarksSnapshot Startup total=0 bar=0 other=0 mobile=0 showBar=0 showBarNTP=1
2026-08-28 12:34:18.662: [INFO] BookmarksSnapshot Shutdown total=0 bar=0 other=0 mobile=0 showBar=0 showBarNTP=1
2026-08-28 12:35:45.656: [INFO] CurrentProfilePath: D:\Bhargavi V.SMART Web DotNet - Latest\V.SMART\V.SMART\bin\Debug\net9.0-windows10.0.19041.0\win10-x64\V.SMART.exe.WebView2\EBWebView\Default
2026-08-28 12:35:45.656: [INFO] Profiles total count: 1
2026-08-28 12:35:45.657: [INFO] Profile: name=Profile 1 path=D:\Bhargavi V.SMART Web DotNet - Latest\V.SMART\V.SMART\bin\Debug\net9.0-windows10.0.19041.0\win10-x64\V.SMART.exe.WebView2\EBWebView\Default lastActive=2026-08-28T12:34:00.618Z
2026-08-28 12:35:45.657: [INFO] LastUsedProfileDir: D:\Bhargavi V.SMART Web DotNet - Latest\V.SMART\V.SMART\bin\Debug\net9.0-windows10.0.19041.0\win10-x64\V.SMART.exe.WebView2\EBWebView\Default
2026-08-28 12:35:45.657: [INFO] MostRecentlyActiveProfile: name=Profile 1 path=D:\Bhargavi V.SMART Web DotNet - Latest\V.SMART\V.SMART\bin\Debug\net9.0-windows10.0.19041.0\win10-x64\V.SMART.exe.WebView2\EBWebView\Default lastActive=2026-08-28T12:34:00.618Z
2026-08-28 12:35:45.657: [INFO] OnDoneLoading sync enabled: 0
2026-08-28 12:35:45.657: [INFO] BookmarkModelLoaded, ids_reassigned: 0
2026-08-28 12:35:45.657: [INFO] BookmarksLoadDropped droppedNodes=0
2026-08-28 12:35:45.657: [INFO] BookmarksSnapshot Startup total=0 bar=0 other=0 mobile=0 showBar=0 showBarNTP=1
2026-08-28 12:36:04.232: [INFO] BookmarksSnapshot Shutdown total=0 bar=0 other=0 mobile=0 showBar=0 showBarNTP=1
2026-08-28 12:41:12.007: [INFO] CurrentProfilePath: D:\Bhargavi V.SMART Web DotNet - Latest\V.SMART\V.SMART\bin\Debug\net9.0-windows10.0.19041.0\win10-x64\V.SMART.exe.WebView2\EBWebView\Default
2026-08-28 12:41:12.007: [INFO] Profiles total count: 1
2026-08-28 12:41:12.009: [INFO] Profile: name=Profile 1 path=D:\Bhargavi V.SMART Web DotNet - Latest\V.SMART\V.SMART\bin\Debug\net9.0-windows10.0.19041.0\win10-x64\V.SMART.exe.WebView2\EBWebView\Default lastActive=2026-08-28T12:35:46.059Z
2026-08-28 12:41:12.009: [INFO] LastUsedProfileDir: D:\Bhargavi V.SMART Web DotNet - Latest\V.SMART\V.SMART\bin\Debug\net9.0-windows10.0.19041.0\win10-x64\V.SMART.exe.WebView2\EBWebView\Default
2026-08-28 12:41:12.009: [INFO] MostRecentlyActiveProfile: name=Profile 1 path=D:\Bhargavi V.SMART Web DotNet - Latest\V.SMART\V.SMART\bin\Debug\net9.0-windows10.0.19041.0\win10-x64\V.SMART.exe.WebView2\EBWebView\Default lastActive=2026-08-28T12:35:46.059Z
2026-08-28 12:41:12.009: [INFO] OnDoneLoading sync enabled: 0
2026-08-28 12:41:12.009: [INFO] BookmarkModelLoaded, ids_reassigned: 0
2026-08-28 12:41:12.009: [INFO] BookmarksLoadDropped droppedNodes=0
2026-08-28 12:41:12.009: [INFO] BookmarksSnapshot Startup total=0 bar=0 other=0 mobile=0 showBar=0 showBarNTP=1
2026-08-28 12:41:34.259: [INFO] BookmarksSnapshot Shutdown total=0 bar=0 other=0 mobile=0 showBar=0 showBarNTP=1
2026-08-28 13:03:17.797: [INFO] CurrentProfilePath: D:\Bhargavi V.SMART Web DotNet - Latest\V.SMART\V.SMART\bin\Debug\net9.0-windows10.0.19041.0\win10-x64\V.SMART.exe.WebView2\EBWebView\Default
2026-08-28 13:03:17.797: [INFO] Profiles total count: 1
2026-08-28 13:03:17.799: [INFO] Profile: name=Profile 1 path=D:\Bhargavi V.SMART Web DotNet - Latest\V.SMART\V.SMART\bin\Debug\net9.0-windows10.0.19041.0\win10-x64\V.SMART.exe.WebView2\EBWebView\Default lastActive=2026-08-28T12:41:12.411Z
2026-08-28 13:03:17.799: [INFO] LastUsedProfileDir: D:\Bhargavi V.SMART Web DotNet - Latest\V.SMART\V.SMART\bin\Debug\net9.0-windows10.0.19041.0\win10-x64\V.SMART.exe.WebView2\EBWebView\Default
2026-08-28 13:03:17.799: [INFO] MostRecentlyActiveProfile: name=Profile 1 path=D:\Bhargavi V.SMART Web DotNet - Latest\V.SMART\V.SMART\bin\Debug\net9.0-windows10.0.19041.0\win10-x64\V.SMART.exe.WebView2\EBWebView\Default lastActive=2026-08-28T12:41:12.411Z
2026-08-28 13:03:17.799: [INFO] OnDoneLoading sync enabled: 0
2026-08-28 13:03:17.799: [INFO] BookmarkModelLoaded, ids_reassigned: 0
2026-08-28 13:03:17.799: [INFO] BookmarksLoadDropped droppedNodes=0
2026-08-28 13:03:17.799: [INFO] BookmarksSnapshot Startup total=0 bar=0 other=0 mobile=0 showBar=0 showBarNTP=1
2026-08-28 13:03:35.647: [INFO] BookmarksSnapshot Shutdown total=0 bar=0 other=0 mobile=0 showBar=0 showBarNTP=1
2026-08-29 03:43:55.654: [INFO] CurrentProfilePath: D:\Bhargavi V.SMART Web DotNet - Latest\V.SMART\V.SMART\bin\Debug\net9.0-windows10.0.19041.0\win10-x64\V.SMART.exe.WebView2\EBWebView\Default
2026-08-29 03:43:55.654: [INFO] Profiles total count: 1
2026-08-29 03:43:55.655: [INFO] Profile: name=Profile 1 path=D:\Bhargavi V.SMART Web DotNet - Latest\V.SMART\V.SMART\bin\Debug\net9.0-windows10.0.19041.0\win10-x64\V.SMART.exe.WebView2\EBWebView\Default lastActive=2026-08-28T13:03:18.233Z
2026-08-29 03:43:55.655: [INFO] LastUsedProfileDir: D:\Bhargavi V.SMART Web DotNet - Latest\V.SMART\V.SMART\bin\Debug\net9.0-windows10.0.19041.0\win10-x64\V.SMART.exe.WebView2\EBWebView\Default
2026-08-29 03:43:55.655: [INFO] MostRecentlyActiveProfile: name=Profile 1 path=D:\Bhargavi V.SMART Web DotNet - Latest\V.SMART\V.SMART\bin\Debug\net9.0-windows10.0.19041.0\win10-x64\V.SMART.exe.WebView2\EBWebView\Default lastActive=2026-08-28T13:03:18.233Z
2026-08-29 03:43:55.655: [INFO] OnDoneLoading sync enabled: 0
2026-08-29 03:43:55.655: [INFO] BookmarkModelLoaded, ids_reassigned: 0
2026-08-29 03:43:55.655: [INFO] BookmarksLoadDropped droppedNodes=0
2026-08-29 03:43:55.655: [INFO] BookmarksSnapshot Startup total=0 bar=0 other=0 mobile=0 showBar=0 showBarNTP=1
2026-08-29 03:44:24.355: [INFO] BookmarksSnapshot Shutdown total=0 bar=0 other=0 mobile=0 showBar=0 showBarNTP=1
2026-08-29 03:44:56.039: [INFO] CurrentProfilePath: D:\Bhargavi V.SMART Web DotNet - Latest\V.SMART\V.SMART\bin\Debug\net9.0-windows10.0.19041.0\win10-x64\V.SMART.exe.WebView2\EBWebView\Default
2026-08-29 03:44:56.039: [INFO] Profiles total count: 1
2026-08-29 03:44:56.040: [INFO] Profile: name=Profile 1 path=D:\Bhargavi V.SMART Web DotNet - Latest\V.SMART\V.SMART\bin\Debug\net9.0-windows10.0.19041.0\win10-x64\V.SMART.exe.WebView2\EBWebView\Default lastActive=2026-08-29T03:43:56.006Z
2026-08-29 03:44:56.040: [INFO] LastUsedProfileDir: D:\Bhargavi V.SMART Web DotNet - Latest\V.SMART\V.SMART\bin\Debug\net9.0-windows10.0.19041.0\win10-x64\V.SMART.exe.WebView2\EBWebView\Default
2026-08-29 03:44:56.040: [INFO] MostRecentlyActiveProfile: name=Profile 1 path=D:\Bhargavi V.SMART Web DotNet - Latest\V.SMART\V.SMART\bin\Debug\net9.0-windows10.0.19041.0\win10-x64\V.SMART.exe.WebView2\EBWebView\Default lastActive=2026-08-29T03:43:56.006Z
2026-08-29 03:44:56.040: [INFO] OnDoneLoading sync enabled: 0
2026-08-29 03:44:56.040: [INFO] BookmarkModelLoaded, ids_reassigned: 0
2026-08-29 03:44:56.040: [INFO] BookmarksLoadDropped droppedNodes=0
2026-08-29 03:44:56.040: [INFO] BookmarksSnapshot Startup total=0 bar=0 other=0 mobile=0 showBar=0 showBarNTP=1
2026-08-29 03:45:20.940: [INFO] BookmarksSnapshot Shutdown total=0 bar=0 other=0 mobile=0 showBar=0 showBarNTP=1
2026-08-29 03:45:56.499: [INFO] CurrentProfilePath: D:\Bhargavi V.SMART Web DotNet - Latest\V.SMART\V.SMART\bin\Debug\net9.0-windows10.0.19041.0\win10-x64\V.SMART.exe.WebView2\EBWebView\Default
2026-08-29 03:45:56.499: [INFO] Profiles total count: 1
2026-08-29 03:45:56.500: [INFO] Profile: name=Profile 1 path=D:\Bhargavi V.SMART Web DotNet - Latest\V.SMART\V.SMART\bin\Debug\net9.0-windows10.0.19041.0\win10-x64\V.SMART.exe.WebView2\EBWebView\Default lastActive=2026-08-29T03:44:56.352Z
2026-08-29 03:45:56.500: [INFO] LastUsedProfileDir: D:\Bhargavi V.SMART Web DotNet - Latest\V.SMART\V.SMART\bin\Debug\net9.0-windows10.0.19041.0\win10-x64\V.SMART.exe.WebView2\EBWebView\Default
2026-08-29 03:45:56.500: [INFO] MostRecentlyActiveProfile: name=Profile 1 path=D:\Bhargavi V.SMART Web DotNet - Latest\V.SMART\V.SMART\bin\Debug\net9.0-windows10.0.19041.0\win10-x64\V.SMART.exe.WebView2\EBWebView\Default lastActive=2026-08-29T03:44:56.352Z
2026-08-29 03:45:56.500: [INFO] OnDoneLoading sync enabled: 0
2026-08-29 03:45:56.500: [INFO] BookmarkModelLoaded, ids_reassigned: 0
2026-08-29 03:45:56.500: [INFO] BookmarksLoadDropped droppedNodes=0
2026-08-29 03:45:56.500: [INFO] BookmarksSnapshot Startup total=0 bar=0 other=0 mobile=0 showBar=0 showBarNTP=1
2026-08-29 03:46:14.357: [INFO] BookmarksSnapshot Shutdown total=0 bar=0 other=0 mobile=0 showBar=0 showBarNTP=1
2026-08-29 03:52:42.420: [INFO] CurrentProfilePath: D:\Bhargavi V.SMART Web DotNet - Latest\V.SMART\V.SMART\bin\Debug\net9.0-windows10.0.19041.0\win10-x64\V.SMART.exe.WebView2\EBWebView\Default
2026-08-29 03:52:42.420: [INFO] Profiles total count: 1
2026-08-29 03:52:42.422: [INFO] Profile: name=Profile 1 path=D:\Bhargavi V.SMART Web DotNet - Latest\V.SMART\V.SMART\bin\Debug\net9.0-windows10.0.19041.0\win10-x64\V.SMART.exe.WebView2\EBWebView\Default lastActive=2026-08-29T03:45:57.050Z
2026-08-29 03:52:42.422: [INFO] LastUsedProfileDir: D:\Bhargavi V.SMART Web DotNet - Latest\V.SMART\V.SMART\bin\Debug\net9.0-windows10.0.19041.0\win10-x64\V.SMART.exe.WebView2\EBWebView\Default
2026-08-29 03:52:42.422: [INFO] MostRecentlyActiveProfile: name=Profile 1 path=D:\Bhargavi V.SMART Web DotNet - Latest\V.SMART\V.SMART\bin\Debug\net9.0-windows10.0.19041.0\win10-x64\V.SMART.exe.WebView2\EBWebView\Default lastActive=2026-08-29T03:45:57.050Z
2026-08-29 03:52:42.422: [INFO] OnDoneLoading sync enabled: 0
2026-08-29 03:52:42.422: [INFO] BookmarkModelLoaded, ids_reassigned: 0
2026-08-29 03:52:42.422: [INFO] BookmarksLoadDropped droppedNodes=0
2026-08-29 03:52:42.422: [INFO] BookmarksSnapshot Startup total=0 bar=0 other=0 mobile=0 showBar=0 showBarNTP=1
2026-08-29 03:53:02.736: [INFO] BookmarksSnapshot Shutdown total=0 bar=0 other=0 mobile=0 showBar=0 showBarNTP=1
2026-08-29 03:53:34.690: [INFO] CurrentProfilePath: D:\Bhargavi V.SMART Web DotNet - Latest\V.SMART\V.SMART\bin\Debug\net9.0-windows10.0.19041.0\win10-x64\V.SMART.exe.WebView2\EBWebView\Default
2026-08-29 03:53:34.690: [INFO] Profiles total count: 1
2026-08-29 03:53:34.690: [INFO] Profile: name=Profile 1 path=D:\Bhargavi V.SMART Web DotNet - Latest\V.SMART\V.SMART\bin\Debug\net9.0-windows10.0.19041.0\win10-x64\V.SMART.exe.WebView2\EBWebView\Default lastActive=2026-08-29T03:52:42.785Z
2026-08-29 03:53:34.690: [INFO] LastUsedProfileDir: D:\Bhargavi V.SMART Web DotNet - Latest\V.SMART\V.SMART\bin\Debug\net9.0-windows10.0.19041.0\win10-x64\V.SMART.exe.WebView2\EBWebView\Default
2026-08-29 03:53:34.691: [INFO] MostRecentlyActiveProfile: name=Profile 1 path=D:\Bhargavi V.SMART Web DotNet - Latest\V.SMART\V.SMART\bin\Debug\net9.0-windows10.0.19041.0\win10-x64\V.SMART.exe.WebView2\EBWebView\Default lastActive=2026-08-29T03:52:42.785Z
2026-08-29 03:53:34.691: [INFO] OnDoneLoading sync enabled: 0
2026-08-29 03:53:34.691: [INFO] BookmarkModelLoaded, ids_reassigned: 0
2026-08-29 03:53:34.691: [INFO] BookmarksLoadDropped droppedNodes=0
2026-08-29 03:53:34.691: [INFO] BookmarksSnapshot Startup total=0 bar=0 other=0 mobile=0 showBar=0 showBarNTP=1
2026-08-29 03:53:57.475: [INFO] BookmarksSnapshot Shutdown total=0 bar=0 other=0 mobile=0 showBar=0 showBarNTP=1
2026-08-29 04:15:19.187: [INFO] CurrentProfilePath: D:\Bhargavi V.SMART Web DotNet - Latest\V.SMART\V.SMART\bin\Debug\net9.0-windows10.0.19041.0\win10-x64\V.SMART.exe.WebView2\EBWebView\Default
2026-08-29 04:15:19.187: [INFO] Profiles total count: 1
2026-08-29 04:15:19.189: [INFO] Profile: name=Profile 1 path=D:\Bhargavi V.SMART Web DotNet - Latest\V.SMART\V.SMART\bin\Debug\net9.0-windows10.0.19041.0\win10-x64\V.SMART.exe.WebView2\EBWebView\Default lastActive=2026-08-29T03:53:34.854Z
2026-08-29 04:15:19.189: [INFO] LastUsedProfileDir: D:\Bhargavi V.SMART Web DotNet - Latest\V.SMART\V.SMART\bin\Debug\net9.0-windows10.0.19041.0\win10-x64\V.SMART.exe.WebView2\EBWebView\Default
2026-08-29 04:15:19.189: [INFO] MostRecentlyActiveProfile: name=Profile 1 path=D:\Bhargavi V.SMART Web DotNet - Latest\V.SMART\V.SMART\bin\Debug\net9.0-windows10.0.19041.0\win10-x64\V.SMART.exe.WebView2\EBWebView\Default lastActive=2026-08-29T03:53:34.854Z
2026-08-29 04:15:19.189: [INFO] OnDoneLoading sync enabled: 0
2026-08-29 04:15:19.189: [INFO] BookmarkModelLoaded, ids_reassigned: 0
2026-08-29 04:15:19.189: [INFO] BookmarksLoadDropped droppedNodes=0
2026-08-29 04:15:19.189: [INFO] BookmarksSnapshot Startup total=0 bar=0 other=0 mobile=0 showBar=0 showBarNTP=1
2026-08-29 04:15:34.154: [INFO] BookmarksSnapshot Shutdown total=0 bar=0 other=0 mobile=0 showBar=0 showBarNTP=1
2026-08-29 04:16:18.610: [INFO] CurrentProfilePath: D:\Bhargavi V.SMART Web DotNet - Latest\V.SMART\V.SMART\bin\Debug\net9.0-windows10.0.19041.0\win10-x64\V.SMART.exe.WebView2\EBWebView\Default
2026-08-29 04:16:18.610: [INFO] Profiles total count: 1
2026-08-29 04:16:18.610: [INFO] Profile: name=Profile 1 path=D:\Bhargavi V.SMART Web DotNet - Latest\V.SMART\V.SMART\bin\Debug\net9.0-windows10.0.19041.0\win10-x64\V.SMART.exe.WebView2\EBWebView\Default lastActive=2026-08-29T04:15:22.863Z
2026-08-29 04:16:18.610: [INFO] LastUsedProfileDir: D:\Bhargavi V.SMART Web DotNet - Latest\V.SMART\V.SMART\bin\Debug\net9.0-windows10.0.19041.0\win10-x64\V.SMART.exe.WebView2\EBWebView\Default
2026-08-29 04:16:18.610: [INFO] MostRecentlyActiveProfile: name=Profile 1 path=D:\Bhargavi V.SMART Web DotNet - Latest\V.SMART\V.SMART\bin\Debug\net9.0-windows10.0.19041.0\win10-x64\V.SMART.exe.WebView2\EBWebView\Default lastActive=2026-08-29T04:15:22.863Z
2026-08-29 04:16:18.610: [INFO] OnDoneLoading sync enabled: 0
2026-08-29 04:16:18.610: [INFO] BookmarkModelLoaded, ids_reassigned: 0
2026-08-29 04:16:18.610: [INFO] BookmarksLoadDropped droppedNodes=0
2026-08-29 04:16:18.610: [INFO] BookmarksSnapshot Startup total=0 bar=0 other=0 mobile=0 showBar=0 showBarNTP=1
2026-08-29 04:16:59.204: [INFO] BookmarksSnapshot Shutdown total=0 bar=0 other=0 mobile=0 showBar=0 showBarNTP=1
2026-08-29 04:28:33.967: [INFO] CurrentProfilePath: D:\Bhargavi V.SMART Web DotNet - Latest\V.SMART\V.SMART\bin\Debug\net9.0-windows10.0.19041.0\win10-x64\V.SMART.exe.WebView2\EBWebView\Default
2026-08-29 04:28:33.967: [INFO] Profiles total count: 1
2026-08-29 04:28:33.968: [INFO] Profile: name=Profile 1 path=D:\Bhargavi V.SMART Web DotNet - Latest\V.SMART\V.SMART\bin\Debug\net9.0-windows10.0.19041.0\win10-x64\V.SMART.exe.WebView2\EBWebView\Default lastActive=2026-08-29T04:16:58.056Z
2026-08-29 04:28:33.968: [INFO] LastUsedProfileDir: D:\Bhargavi V.SMART Web DotNet - Latest\V.SMART\V.SMART\bin\Debug\net9.0-windows10.0.19041.0\win10-x64\V.SMART.exe.WebView2\EBWebView\Default
2026-08-29 04:28:33.968: [INFO] MostRecentlyActiveProfile: name=Profile 1 path=D:\Bhargavi V.SMART Web DotNet - Latest\V.SMART\V.SMART\bin\Debug\net9.0-windows10.0.19041.0\win10-x64\V.SMART.exe.WebView2\EBWebView\Default lastActive=2026-08-29T04:16:58.056Z
2026-08-29 04:28:33.968: [INFO] OnDoneLoading sync enabled: 0
2026-08-29 04:28:33.968: [INFO] BookmarkModelLoaded, ids_reassigned: 0
2026-08-29 04:28:33.968: [INFO] BookmarksLoadDropped droppedNodes=0
2026-08-29 04:28:33.968: [INFO] BookmarksSnapshot Startup total=0 bar=0 other=0 mobile=0 showBar=0 showBarNTP=1
2026-08-29 04:28:54.248: [INFO] BookmarksSnapshot Shutdown total=0 bar=0 other=0 mobile=0 showBar=0 showBarNTP=1
2026-08-29 04:32:31.599: [INFO] CurrentProfilePath: D:\Bhargavi V.SMART Web DotNet - Latest\V.SMART\V.SMART\bin\Debug\net9.0-windows10.0.19041.0\win10-x64\V.SMART.exe.WebView2\EBWebView\Default
2026-08-29 04:32:31.599: [INFO] Profiles total count: 1
2026-08-29 04:32:31.601: [INFO] Profile: name=Profile 1 path=D:\Bhargavi V.SMART Web DotNet - Latest\V.SMART\V.SMART\bin\Debug\net9.0-windows10.0.19041.0\win10-x64\V.SMART.exe.WebView2\EBWebView\Default lastActive=2026-08-29T04:28:34.455Z
2026-08-29 04:32:31.601: [INFO] LastUsedProfileDir: D:\Bhargavi V.SMART Web DotNet - Latest\V.SMART\V.SMART\bin\Debug\net9.0-windows10.0.19041.0\win10-x64\V.SMART.exe.WebView2\EBWebView\Default
2026-08-29 04:32:31.601: [INFO] MostRecentlyActiveProfile: name=Profile 1 path=D:\Bhargavi V.SMART Web DotNet - Latest\V.SMART\V.SMART\bin\Debug\net9.0-windows10.0.19041.0\win10-x64\V.SMART.exe.WebView2\EBWebView\Default lastActive=2026-08-29T04:28:34.455Z
2026-08-29 04:32:31.601: [INFO] OnDoneLoading sync enabled: 0
2026-08-29 04:32:31.601: [INFO] BookmarkModelLoaded, ids_reassigned: 0
2026-08-29 04:32:31.601: [INFO] BookmarksLoadDropped droppedNodes=0
2026-08-29 04:32:31.601: [INFO] BookmarksSnapshot Startup total=0 bar=0 other=0 mobile=0 showBar=0 showBarNTP=1
2026-08-29 04:32:45.059: [INFO] BookmarksSnapshot Shutdown total=0 bar=0 other=0 mobile=0 showBar=0 showBarNTP=1
2026-08-29 04:35:46.696: [INFO] CurrentProfilePath: D:\Bhargavi V.SMART Web DotNet - Latest\V.SMART\V.SMART\bin\Debug\net9.0-windows10.0.19041.0\win10-x64\V.SMART.exe.WebView2\EBWebView\Default
2026-08-29 04:35:46.696: [INFO] Profiles total count: 1
2026-08-29 04:35:46.697: [INFO] Profile: name=Profile 1 path=D:\Bhargavi V.SMART Web DotNet - Latest\V.SMART\V.SMART\bin\Debug\net9.0-windows10.0.19041.0\win10-x64\V.SMART.exe.WebView2\EBWebView\Default lastActive=2026-08-29T04:32:31.921Z
2026-08-29 04:35:46.697: [INFO] LastUsedProfileDir: D:\Bhargavi V.SMART Web DotNet - Latest\V.SMART\V.SMART\bin\Debug\net9.0-windows10.0.19041.0\win10-x64\V.SMART.exe.WebView2\EBWebView\Default
2026-08-29 04:35:46.697: [INFO] MostRecentlyActiveProfile: name=Profile 1 path=D:\Bhargavi V.SMART Web DotNet - Latest\V.SMART\V.SMART\bin\Debug\net9.0-windows10.0.19041.0\win10-x64\V.SMART.exe.WebView2\EBWebView\Default lastActive=2026-08-29T04:32:31.921Z
2026-08-29 04:35:46.697: [INFO] OnDoneLoading sync enabled: 0
2026-08-29 04:35:46.697: [INFO] BookmarkModelLoaded, ids_reassigned: 0
2026-08-29 04:35:46.697: [INFO] BookmarksLoadDropped droppedNodes=0
2026-08-29 04:35:46.697: [INFO] BookmarksSnapshot Startup total=0 bar=0 other=0 mobile=0 showBar=0 showBarNTP=1
2026-08-29 04:35:49.639: [INFO] BookmarksSnapshot Shutdown total=0 bar=0 other=0 mobile=0 showBar=0 showBarNTP=1
2026-08-29 04:43:53.027: [INFO] CurrentProfilePath: D:\Bhargavi V.SMART Web DotNet - Latest\V.SMART\V.SMART\bin\Debug\net9.0-windows10.0.19041.0\win10-x64\V.SMART.exe.WebView2\EBWebView\Default
2026-08-29 04:43:53.027: [INFO] Profiles total count: 1
2026-08-29 04:43:53.028: [INFO] Profile: name=Profile 1 path=D:\Bhargavi V.SMART Web DotNet - Latest\V.SMART\V.SMART\bin\Debug\net9.0-windows10.0.19041.0\win10-x64\V.SMART.exe.WebView2\EBWebView\Default lastActive=2026-08-29T04:35:46.857Z
2026-08-29 04:43:53.028: [INFO] LastUsedProfileDir: D:\Bhargavi V.SMART Web DotNet - Latest\V.SMART\V.SMART\bin\Debug\net9.0-windows10.0.19041.0\win10-x64\V.SMART.exe.WebView2\EBWebView\Default
2026-08-29 04:43:53.028: [INFO] MostRecentlyActiveProfile: name=Profile 1 path=D:\Bhargavi V.SMART Web DotNet - Latest\V.SMART\V.SMART\bin\Debug\net9.0-windows10.0.19041.0\win10-x64\V.SMART.exe.WebView2\EBWebView\Default lastActive=2026-08-29T04:35:46.857Z
2026-08-29 04:43:53.028: [INFO] OnDoneLoading sync enabled: 0
2026-08-29 04:43:53.028: [INFO] BookmarkModelLoaded, ids_reassigned: 0
2026-08-29 04:43:53.028: [INFO] BookmarksLoadDropped droppedNodes=0
2026-08-29 04:43:53.028: [INFO] BookmarksSnapshot Startup total=0 bar=0 other=0 mobile=0 showBar=0 showBarNTP=1
2026-08-29 04:43:57.123: [INFO] BookmarksSnapshot Shutdown total=0 bar=0 other=0 mobile=0 showBar=0 showBarNTP=1
2026-08-29 04:49:44.284: [INFO] CurrentProfilePath: D:\Bhargavi V.SMART Web DotNet - Latest\V.SMART\V.SMART\bin\Debug\net9.0-windows10.0.19041.0\win10-x64\V.SMART.exe.WebView2\EBWebView\Default
2026-08-29 04:49:44.284: [INFO] Profiles total count: 1
2026-08-29 04:49:44.286: [INFO] Profile: name=Profile 1 path=D:\Bhargavi V.SMART Web DotNet - Latest\V.SMART\V.SMART\bin\Debug\net9.0-windows10.0.19041.0\win10-x64\V.SMART.exe.WebView2\EBWebView\Default lastActive=2026-08-29T04:43:53.639Z
2026-08-29 04:49:44.286: [INFO] LastUsedProfileDir: D:\Bhargavi V.SMART Web DotNet - Latest\V.SMART\V.SMART\bin\Debug\net9.0-windows10.0.19041.0\win10-x64\V.SMART.exe.WebView2\EBWebView\Default
2026-08-29 04:49:44.286: [INFO] MostRecentlyActiveProfile: name=Profile 1 path=D:\Bhargavi V.SMART Web DotNet - Latest\V.SMART\V.SMART\bin\Debug\net9.0-windows10.0.19041.0\win10-x64\V.SMART.exe.WebView2\EBWebView\Default lastActive=2026-08-29T04:43:53.639Z
2026-08-29 04:49:44.286: [INFO] OnDoneLoading sync enabled: 0
2026-08-29 04:49:44.286: [INFO] BookmarkModelLoaded, ids_reassigned: 0
2026-08-29 04:49:44.286: [INFO] BookmarksLoadDropped droppedNodes=0
2026-08-29 04:49:44.286: [INFO] BookmarksSnapshot Startup total=0 bar=0 other=0 mobile=0 showBar=0 showBarNTP=1
2026-08-29 04:50:00.380: [INFO] BookmarksSnapshot Shutdown total=0 bar=0 other=0 mobile=0 showBar=0 showBarNTP=1
2026-08-29 04:54:35.707: [INFO] CurrentProfilePath: D:\Bhargavi V.SMART Web DotNet - Latest\V.SMART\V.SMART\bin\Debug\net9.0-windows10.0.19041.0\win10-x64\V.SMART.exe.WebView2\EBWebView\Default
2026-08-29 04:54:35.707: [INFO] Profiles total count: 1
2026-08-29 04:54:35.708: [INFO] Profile: name=Profile 1 path=D:\Bhargavi V.SMART Web DotNet - Latest\V.SMART\V.SMART\bin\Debug\net9.0-windows10.0.19041.0\win10-x64\V.SMART.exe.WebView2\EBWebView\Default lastActive=2026-08-29T04:49:48.868Z
2026-08-29 04:54:35.708: [INFO] LastUsedProfileDir: D:\Bhargavi V.SMART Web DotNet - Latest\V.SMART\V.SMART\bin\Debug\net9.0-windows10.0.19041.0\win10-x64\V.SMART.exe.WebView2\EBWebView\Default
2026-08-29 04:54:35.708: [INFO] MostRecentlyActiveProfile: name=Profile 1 path=D:\Bhargavi V.SMART Web DotNet - Latest\V.SMART\V.SMART\bin\Debug\net9.0-windows10.0.19041.0\win10-x64\V.SMART.exe.WebView2\EBWebView\Default lastActive=2026-08-29T04:49:48.868Z
2026-08-29 04:54:35.708: [INFO] OnDoneLoading sync enabled: 0
2026-08-29 04:54:35.708: [INFO] BookmarkModelLoaded, ids_reassigned: 0
2026-08-29 04:54:35.708: [INFO] BookmarksLoadDropped droppedNodes=0
2026-08-29 04:54:35.708: [INFO] BookmarksSnapshot Startup total=0 bar=0 other=0 mobile=0 showBar=0 showBarNTP=1
2026-08-29 04:54:50.583: [INFO] BookmarksSnapshot Shutdown total=0 bar=0 other=0 mobile=0 showBar=0 showBarNTP=1
2026-08-29 05:00:36.197: [INFO] CurrentProfilePath: D:\Bhargavi V.SMART Web DotNet - Latest\V.SMART\V.SMART\bin\Debug\net9.0-windows10.0.19041.0\win10-x64\V.SMART.exe.WebView2\EBWebView\Default
2026-08-29 05:00:36.197: [INFO] Profiles total count: 1
2026-08-29 05:00:36.198: [INFO] Profile: name=Profile 1 path=D:\Bhargavi V.SMART Web DotNet - Latest\V.SMART\V.SMART\bin\Debug\net9.0-windows10.0.19041.0\win10-x64\V.SMART.exe.WebView2\EBWebView\Default lastActive=2026-08-29T04:54:38.938Z
2026-08-29 05:00:36.198: [INFO] LastUsedProfileDir: D:\Bhargavi V.SMART Web DotNet - Latest\V.SMART\V.SMART\bin\Debug\net9.0-windows10.0.19041.0\win10-x64\V.SMART.exe.WebView2\EBWebView\Default
2026-08-29 05:00:36.198: [INFO] MostRecentlyActiveProfile: name=Profile 1 path=D:\Bhargavi V.SMART Web DotNet - Latest\V.SMART\V.SMART\bin\Debug\net9.0-windows10.0.19041.0\win10-x64\V.SMART.exe.WebView2\EBWebView\Default lastActive=2026-08-29T04:54:38.938Z
2026-08-29 05:00:36.198: [INFO] OnDoneLoading sync enabled: 0
2026-08-29 05:00:36.198: [INFO] BookmarkModelLoaded, ids_reassigned: 0
2026-08-29 05:00:36.198: [INFO] BookmarksLoadDropped droppedNodes=0
2026-08-29 05:00:36.198: [INFO] BookmarksSnapshot Startup total=0 bar=0 other=0 mobile=0 showBar=0 showBarNTP=1
2026-08-29 05:00:58.476: [INFO] BookmarksSnapshot Shutdown total=0 bar=0 other=0 mobile=0 showBar=0 showBarNTP=1
2026-08-29 05:18:25.973: [INFO] CurrentProfilePath: D:\Bhargavi V.SMART Web DotNet - Latest\V.SMART\V.SMART\bin\Debug\net9.0-windows10.0.19041.0\win10-x64\V.SMART.exe.WebView2\EBWebView\Default
2026-08-29 05:18:25.973: [INFO] Profiles total count: 1
2026-08-29 05:18:25.974: [INFO] Profile: name=Profile 1 path=D:\Bhargavi V.SMART Web DotNet - Latest\V.SMART\V.SMART\bin\Debug\net9.0-windows10.0.19041.0\win10-x64\V.SMART.exe.WebView2\EBWebView\Default lastActive=2026-08-29T05:00:39.864Z
2026-08-29 05:18:25.974: [INFO] LastUsedProfileDir: D:\Bhargavi V.SMART Web DotNet - Latest\V.SMART\V.SMART\bin\Debug\net9.0-windows10.0.19041.0\win10-x64\V.SMART.exe.WebView2\EBWebView\Default
2026-08-29 05:18:25.974: [INFO] MostRecentlyActiveProfile: name=Profile 1 path=D:\Bhargavi V.SMART Web DotNet - Latest\V.SMART\V.SMART\bin\Debug\net9.0-windows10.0.19041.0\win10-x64\V.SMART.exe.WebView2\EBWebView\Default lastActive=2026-08-29T05:00:39.864Z
2026-08-29 05:18:25.974: [INFO] OnDoneLoading sync enabled: 0
2026-08-29 05:18:25.974: [INFO] BookmarkModelLoaded, ids_reassigned: 0
2026-08-29 05:18:25.974: [INFO] BookmarksLoadDropped droppedNodes=0
2026-08-29 05:18:25.974: [INFO] BookmarksSnapshot Startup total=0 bar=0 other=0 mobile=0 showBar=0 showBarNTP=1
2026-08-29 05:18:51.753: [INFO] BookmarksSnapshot Shutdown total=0 bar=0 other=0 mobile=0 showBar=0 showBarNTP=1
2026-08-29 05:31:07.280: [INFO] CurrentProfilePath: D:\Bhargavi V.SMART Web DotNet - Latest\V.SMART\V.SMART\bin\Debug\net9.0-windows10.0.19041.0\win10-x64\V.SMART.exe.WebView2\EBWebView\Default
2026-08-29 05:31:07.280: [INFO] Profiles total count: 1
2026-08-29 05:31:07.281: [INFO] Profile: name=Profile 1 path=D:\Bhargavi V.SMART Web DotNet - Latest\V.SMART\V.SMART\bin\Debug\net9.0-windows10.0.19041.0\win10-x64\V.SMART.exe.WebView2\EBWebView\Default lastActive=2026-08-29T05:18:26.291Z
2026-08-29 05:31:07.281: [INFO] LastUsedProfileDir: D:\Bhargavi V.SMART Web DotNet - Latest\V.SMART\V.SMART\bin\Debug\net9.0-windows10.0.19041.0\win10-x64\V.SMART.exe.WebView2\EBWebView\Default
2026-08-29 05:31:07.282: [INFO] MostRecentlyActiveProfile: name=Profile 1 path=D:\Bhargavi V.SMART Web DotNet - Latest\V.SMART\V.SMART\bin\Debug\net9.0-windows10.0.19041.0\win10-x64\V.SMART.exe.WebView2\EBWebView\Default lastActive=2026-08-29T05:18:26.291Z
2026-08-29 05:31:07.282: [INFO] OnDoneLoading sync enabled: 0
2026-08-29 05:31:07.282: [INFO] BookmarkModelLoaded, ids_reassigned: 0
2026-08-29 05:31:07.282: [INFO] BookmarksLoadDropped droppedNodes=0
2026-08-29 05:31:07.282: [INFO] BookmarksSnapshot Startup total=0 bar=0 other=0 mobile=0 showBar=0 showBarNTP=1
2026-08-29 06:22:59.702: [INFO] BookmarksSnapshot Shutdown total=0 bar=0 other=0 mobile=0 showBar=0 showBarNTP=1
2026-08-29 06:36:31.983: [INFO] CurrentProfilePath: D:\Bhargavi V.SMART Web DotNet - Latest\V.SMART\V.SMART\bin\Debug\net9.0-windows10.0.19041.0\win10-x64\V.SMART.exe.WebView2\EBWebView\Default
2026-08-29 06:36:31.983: [INFO] Profiles total count: 1
2026-08-29 06:36:31.985: [INFO] Profile: name=Profile 1 path=D:\Bhargavi V.SMART Web DotNet - Latest\V.SMART\V.SMART\bin\Debug\net9.0-windows10.0.19041.0\win10-x64\V.SMART.exe.WebView2\EBWebView\Default lastActive=2026-08-29T06:04:17.674Z
2026-08-29 06:36:31.985: [INFO] LastUsedProfileDir: D:\Bhargavi V.SMART Web DotNet - Latest\V.SMART\V.SMART\bin\Debug\net9.0-windows10.0.19041.0\win10-x64\V.SMART.exe.WebView2\EBWebView\Default
2026-08-29 06:36:31.985: [INFO] MostRecentlyActiveProfile: name=Profile 1 path=D:\Bhargavi V.SMART Web DotNet - Latest\V.SMART\V.SMART\bin\Debug\net9.0-windows10.0.19041.0\win10-x64\V.SMART.exe.WebView2\EBWebView\Default lastActive=2026-08-29T06:04:17.674Z
2026-08-29 06:36:31.985: [INFO] OnDoneLoading sync enabled: 0
2026-08-29 06:36:31.985: [INFO] BookmarkModelLoaded, ids_reassigned: 0
2026-08-29 06:36:31.985: [INFO] BookmarksLoadDropped droppedNodes=0
2026-08-29 06:36:31.985: [INFO] BookmarksSnapshot Startup total=0 bar=0 other=0 mobile=0 showBar=0 showBarNTP=1
2026-08-29 06:40:23.412: [INFO] BookmarksSnapshot Shutdown total=0 bar=0 other=0 mobile=0 showBar=0 showBarNTP=1
2026-08-29 06:46:35.356: [INFO] CurrentProfilePath: D:\Bhargavi V.SMART Web DotNet - Latest\V.SMART\V.SMART\bin\Debug\net9.0-windows10.0.19041.0\win10-x64\V.SMART.exe.WebView2\EBWebView\Default
2026-08-29 06:46:35.356: [INFO] Profiles total count: 1
2026-08-29 06:46:35.358: [INFO] Profile: name=Profile 1 path=D:\Bhargavi V.SMART Web DotNet - Latest\V.SMART\V.SMART\bin\Debug\net9.0-windows10.0.19041.0\win10-x64\V.SMART.exe.WebView2\EBWebView\Default lastActive=2026-08-29T06:36:32.252Z
2026-08-29 06:46:35.358: [INFO] LastUsedProfileDir: D:\Bhargavi V.SMART Web DotNet - Latest\V.SMART\V.SMART\bin\Debug\net9.0-windows10.0.19041.0\win10-x64\V.SMART.exe.WebView2\EBWebView\Default
2026-08-29 06:46:35.358: [INFO] MostRecentlyActiveProfile: name=Profile 1 path=D:\Bhargavi V.SMART Web DotNet - Latest\V.SMART\V.SMART\bin\Debug\net9.0-windows10.0.19041.0\win10-x64\V.SMART.exe.WebView2\EBWebView\Default lastActive=2026-08-29T06:36:32.252Z
2026-08-29 06:46:35.358: [INFO] OnDoneLoading sync enabled: 0
2026-08-29 06:46:35.358: [INFO] BookmarkModelLoaded, ids_reassigned: 0
2026-08-29 06:46:35.358: [INFO] BookmarksLoadDropped droppedNodes=0
2026-08-29 06:46:35.358: [INFO] BookmarksSnapshot Startup total=0 bar=0 other=0 mobile=0 showBar=0 showBarNTP=1
2026-08-29 06:46:55.085: [INFO] BookmarksSnapshot Shutdown total=0 bar=0 other=0 mobile=0 showBar=0 showBarNTP=1
2026-08-29 06:56:16.935: [INFO] CurrentProfilePath: D:\Bhargavi V.SMART Web DotNet - Latest\V.SMART\V.SMART\bin\Debug\net9.0-windows10.0.19041.0\win10-x64\V.SMART.exe.WebView2\EBWebView\Default
2026-08-29 06:56:16.935: [INFO] Profiles total count: 1
2026-08-29 06:56:16.937: [INFO] Profile: name=Profile 1 path=D:\Bhargavi V.SMART Web DotNet - Latest\V.SMART\V.SMART\bin\Debug\net9.0-windows10.0.19041.0\win10-x64\V.SMART.exe.WebView2\EBWebView\Default lastActive=2026-08-29T06:46:36.466Z
2026-08-29 06:56:16.937: [INFO] LastUsedProfileDir: D:\Bhargavi V.SMART Web DotNet - Latest\V.SMART\V.SMART\bin\Debug\net9.0-windows10.0.19041.0\win10-x64\V.SMART.exe.WebView2\EBWebView\Default
2026-08-29 06:56:16.937: [INFO] MostRecentlyActiveProfile: name=Profile 1 path=D:\Bhargavi V.SMART Web DotNet - Latest\V.SMART\V.SMART\bin\Debug\net9.0-windows10.0.19041.0\win10-x64\V.SMART.exe.WebView2\EBWebView\Default lastActive=2026-08-29T06:46:36.466Z
2026-08-29 06:56:16.937: [INFO] OnDoneLoading sync enabled: 0
2026-08-29 06:56:16.937: [INFO] BookmarkModelLoaded, ids_reassigned: 0
2026-08-29 06:56:16.937: [INFO] BookmarksLoadDropped droppedNodes=0
2026-08-29 06:56:16.937: [INFO] BookmarksSnapshot Startup total=0 bar=0 other=0 mobile=0 showBar=0 showBarNTP=1
2026-08-29 06:56:37.434: [INFO] BookmarksSnapshot Shutdown total=0 bar=0 other=0 mobile=0 showBar=0 showBarNTP=1
2026-08-29 07:09:57.165: [INFO] CurrentProfilePath: D:\Bhargavi V.SMART Web DotNet - Latest\V.SMART\V.SMART\bin\Debug\net9.0-windows10.0.19041.0\win10-x64\V.SMART.exe.WebView2\EBWebView\Default
2026-08-29 07:09:57.165: [INFO] Profiles total count: 1
2026-08-29 07:09:57.166: [INFO] Profile: name=Profile 1 path=D:\Bhargavi V.SMART Web DotNet - Latest\V.SMART\V.SMART\bin\Debug\net9.0-windows10.0.19041.0\win10-x64\V.SMART.exe.WebView2\EBWebView\Default lastActive=2026-08-29T06:56:17.536Z
2026-08-29 07:09:57.166: [INFO] LastUsedProfileDir: D:\Bhargavi V.SMART Web DotNet - Latest\V.SMART\V.SMART\bin\Debug\net9.0-windows10.0.19041.0\win10-x64\V.SMART.exe.WebView2\EBWebView\Default
2026-08-29 07:09:57.166: [INFO] MostRecentlyActiveProfile: name=Profile 1 path=D:\Bhargavi V.SMART Web DotNet - Latest\V.SMART\V.SMART\bin\Debug\net9.0-windows10.0.19041.0\win10-x64\V.SMART.exe.WebView2\EBWebView\Default lastActive=2026-08-29T06:56:17.536Z
2026-08-29 07:09:57.166: [INFO] OnDoneLoading sync enabled: 0
2026-08-29 07:09:57.166: [INFO] BookmarkModelLoaded, ids_reassigned: 0
2026-08-29 07:09:57.166: [INFO] BookmarksLoadDropped droppedNodes=0
2026-08-29 07:09:57.166: [INFO] BookmarksSnapshot Startup total=0 bar=0 other=0 mobile=0 showBar=0 showBarNTP=1
2026-08-29 07:11:07.750: [INFO] BookmarksSnapshot Shutdown total=0 bar=0 other=0 mobile=0 showBar=0 showBarNTP=1
2026-08-29 07:21:15.196: [INFO] CurrentProfilePath: D:\Bhargavi V.SMART Web DotNet - Latest\V.SMART\V.SMART\bin\Debug\net9.0-windows10.0.19041.0\win10-x64\V.SMART.exe.WebView2\EBWebView\Default
2026-08-29 07:21:15.196: [INFO] Profiles total count: 1
2026-08-29 07:21:15.197: [INFO] Profile: name=Profile 1 path=D:\Bhargavi V.SMART Web DotNet - Latest\V.SMART\V.SMART\bin\Debug\net9.0-windows10.0.19041.0\win10-x64\V.SMART.exe.WebView2\EBWebView\Default lastActive=2026-08-29T07:09:58.082Z
2026-08-29 07:21:15.197: [INFO] LastUsedProfileDir: D:\Bhargavi V.SMART Web DotNet - Latest\V.SMART\V.SMART\bin\Debug\net9.0-windows10.0.19041.0\win10-x64\V.SMART.exe.WebView2\EBWebView\Default
2026-08-29 07:21:15.197: [INFO] MostRecentlyActiveProfile: name=Profile 1 path=D:\Bhargavi V.SMART Web DotNet - Latest\V.SMART\V.SMART\bin\Debug\net9.0-windows10.0.19041.0\win10-x64\V.SMART.exe.WebView2\EBWebView\Default lastActive=2026-08-29T07:09:58.082Z
2026-08-29 07:21:15.197: [INFO] OnDoneLoading sync enabled: 0
2026-08-29 07:21:15.197: [INFO] BookmarkModelLoaded, ids_reassigned: 0
2026-08-29 07:21:15.197: [INFO] BookmarksLoadDropped droppedNodes=0
2026-08-29 07:21:15.198: [INFO] BookmarksSnapshot Startup total=0 bar=0 other=0 mobile=0 showBar=0 showBarNTP=1
2026-08-29 07:21:34.642: [INFO] BookmarksSnapshot Shutdown total=0 bar=0 other=0 mobile=0 showBar=0 showBarNTP=1
2026-08-29 07:33:21.086: [INFO] CurrentProfilePath: D:\Bhargavi V.SMART Web DotNet - Latest\V.SMART\V.SMART\bin\Debug\net9.0-windows10.0.19041.0\win10-x64\V.SMART.exe.WebView2\EBWebView\Default
2026-08-29 07:33:21.086: [INFO] Profiles total count: 1
2026-08-29 07:33:21.087: [INFO] Profile: name=Profile 1 path=D:\Bhargavi V.SMART Web DotNet - Latest\V.SMART\V.SMART\bin\Debug\net9.0-windows10.0.19041.0\win10-x64\V.SMART.exe.WebView2\EBWebView\Default lastActive=2026-08-29T07:21:16.158Z
2026-08-29 07:33:21.087: [INFO] LastUsedProfileDir: D:\Bhargavi V.SMART Web DotNet - Latest\V.SMART\V.SMART\bin\Debug\net9.0-windows10.0.19041.0\win10-x64\V.SMART.exe.WebView2\EBWebView\Default
2026-08-29 07:33:21.087: [INFO] MostRecentlyActiveProfile: name=Profile 1 path=D:\Bhargavi V.SMART Web DotNet - Latest\V.SMART\V.SMART\bin\Debug\net9.0-windows10.0.19041.0\win10-x64\V.SMART.exe.WebView2\EBWebView\Default lastActive=2026-08-29T07:21:16.158Z
2026-08-29 07:33:21.087: [INFO] OnDoneLoading sync enabled: 0
2026-08-29 07:33:21.087: [INFO] BookmarkModelLoaded, ids_reassigned: 0
2026-08-29 07:33:21.087: [INFO] BookmarksLoadDropped droppedNodes=0
2026-08-29 07:33:21.087: [INFO] BookmarksSnapshot Startup total=0 bar=0 other=0 mobile=0 showBar=0 showBarNTP=1
2026-08-29 07:33:36.291: [INFO] BookmarksSnapshot Shutdown total=0 bar=0 other=0 mobile=0 showBar=0 showBarNTP=1
2026-08-29 08:04:55.277: [INFO] CurrentProfilePath: D:\Bhargavi V.SMART Web DotNet - Latest\V.SMART\V.SMART\bin\Debug\net9.0-windows10.0.19041.0\win10-x64\V.SMART.exe.WebView2\EBWebView\Default
2026-08-29 08:04:55.277: [INFO] Profiles total count: 1
2026-08-29 08:04:55.278: [INFO] Profile: name=Profile 1 path=D:\Bhargavi V.SMART Web DotNet - Latest\V.SMART\V.SMART\bin\Debug\net9.0-windows10.0.19041.0\win10-x64\V.SMART.exe.WebView2\EBWebView\Default lastActive=2026-08-29T07:33:21.403Z
2026-08-29 08:04:55.278: [INFO] LastUsedProfileDir: D:\Bhargavi V.SMART Web DotNet - Latest\V.SMART\V.SMART\bin\Debug\net9.0-windows10.0.19041.0\win10-x64\V.SMART.exe.WebView2\EBWebView\Default
2026-08-29 08:04:55.278: [INFO] MostRecentlyActiveProfile: name=Profile 1 path=D:\Bhargavi V.SMART Web DotNet - Latest\V.SMART\V.SMART\bin\Debug\net9.0-windows10.0.19041.0\win10-x64\V.SMART.exe.WebView2\EBWebView\Default lastActive=2026-08-29T07:33:21.403Z
2026-08-29 08:04:55.278: [INFO] OnDoneLoading sync enabled: 0
2026-08-29 08:04:55.278: [INFO] BookmarkModelLoaded, ids_reassigned: 0
2026-08-29 08:04:55.278: [INFO] BookmarksLoadDropped droppedNodes=0
2026-08-29 08:04:55.278: [INFO] BookmarksSnapshot Startup total=0 bar=0 other=0 mobile=0 showBar=0 showBarNTP=1
2026-08-29 08:05:56.686: [INFO] BookmarksSnapshot Shutdown total=0 bar=0 other=0 mobile=0 showBar=0 showBarNTP=1
2026-08-29 08:06:32.935: [INFO] CurrentProfilePath: D:\Bhargavi V.SMART Web DotNet - Latest\V.SMART\V.SMART\bin\Debug\net9.0-windows10.0.19041.0\win10-x64\V.SMART.exe.WebView2\EBWebView\Default
2026-08-29 08:06:32.935: [INFO] Profiles total count: 1
2026-08-29 08:06:32.935: [INFO] Profile: name=Profile 1 path=D:\Bhargavi V.SMART Web DotNet - Latest\V.SMART\V.SMART\bin\Debug\net9.0-windows10.0.19041.0\win10-x64\V.SMART.exe.WebView2\EBWebView\Default lastActive=2026-08-29T08:05:37.662Z
2026-08-29 08:06:32.935: [INFO] LastUsedProfileDir: D:\Bhargavi V.SMART Web DotNet - Latest\V.SMART\V.SMART\bin\Debug\net9.0-windows10.0.19041.0\win10-x64\V.SMART.exe.WebView2\EBWebView\Default
2026-08-29 08:06:32.935: [INFO] MostRecentlyActiveProfile: name=Profile 1 path=D:\Bhargavi V.SMART Web DotNet - Latest\V.SMART\V.SMART\bin\Debug\net9.0-windows10.0.19041.0\win10-x64\V.SMART.exe.WebView2\EBWebView\Default lastActive=2026-08-29T08:05:37.662Z
2026-08-29 08:06:32.935: [INFO] OnDoneLoading sync enabled: 0
2026-08-29 08:06:32.935: [INFO] BookmarkModelLoaded, ids_reassigned: 0
2026-08-29 08:06:32.935: [INFO] BookmarksLoadDropped droppedNodes=0
2026-08-29 08:06:32.935: [INFO] BookmarksSnapshot Startup total=0 bar=0 other=0 mobile=0 showBar=0 showBarNTP=1
2026-08-29 08:06:51.941: [INFO] BookmarksSnapshot Shutdown total=0 bar=0 other=0 mobile=0 showBar=0 showBarNTP=1
2026-08-29 08:07:25.284: [INFO] CurrentProfilePath: D:\Bhargavi V.SMART Web DotNet - Latest\V.SMART\V.SMART\bin\Debug\net9.0-windows10.0.19041.0\win10-x64\V.SMART.exe.WebView2\EBWebView\Default
2026-08-29 08:07:25.284: [INFO] Profiles total count: 1
2026-08-29 08:07:25.284: [INFO] Profile: name=Profile 1 path=D:\Bhargavi V.SMART Web DotNet - Latest\V.SMART\V.SMART\bin\Debug\net9.0-windows10.0.19041.0\win10-x64\V.SMART.exe.WebView2\EBWebView\Default lastActive=2026-08-29T08:06:33.143Z
2026-08-29 08:07:25.284: [INFO] LastUsedProfileDir: D:\Bhargavi V.SMART Web DotNet - Latest\V.SMART\V.SMART\bin\Debug\net9.0-windows10.0.19041.0\win10-x64\V.SMART.exe.WebView2\EBWebView\Default
2026-08-29 08:07:25.284: [INFO] MostRecentlyActiveProfile: name=Profile 1 path=D:\Bhargavi V.SMART Web DotNet - Latest\V.SMART\V.SMART\bin\Debug\net9.0-windows10.0.19041.0\win10-x64\V.SMART.exe.WebView2\EBWebView\Default lastActive=2026-08-29T08:06:33.143Z
2026-08-29 08:07:25.284: [INFO] OnDoneLoading sync enabled: 0
2026-08-29 08:07:25.284: [INFO] BookmarkModelLoaded, ids_reassigned: 0
2026-08-29 08:07:25.284: [INFO] BookmarksLoadDropped droppedNodes=0
2026-08-29 08:07:25.284: [INFO] BookmarksSnapshot Startup total=0 bar=0 other=0 mobile=0 showBar=0 showBarNTP=1
2026-08-29 08:07:48.557: [INFO] BookmarksSnapshot Shutdown total=0 bar=0 other=0 mobile=0 showBar=0 showBarNTP=1
2026-08-29 08:09:54.879: [INFO] CurrentProfilePath: D:\Bhargavi V.SMART Web DotNet - Latest\V.SMART\V.SMART\bin\Debug\net9.0-windows10.0.19041.0\win10-x64\V.SMART.exe.WebView2\EBWebView\Default
2026-08-29 08:09:54.879: [INFO] Profiles total count: 1
2026-08-29 08:09:54.880: [INFO] Profile: name=Profile 1 path=D:\Bhargavi V.SMART Web DotNet - Latest\V.SMART\V.SMART\bin\Debug\net9.0-windows10.0.19041.0\win10-x64\V.SMART.exe.WebView2\EBWebView\Default lastActive=2026-08-29T08:07:25.485Z
2026-08-29 08:09:54.880: [INFO] LastUsedProfileDir: D:\Bhargavi V.SMART Web DotNet - Latest\V.SMART\V.SMART\bin\Debug\net9.0-windows10.0.19041.0\win10-x64\V.SMART.exe.WebView2\EBWebView\Default
2026-08-29 08:09:54.880: [INFO] MostRecentlyActiveProfile: name=Profile 1 path=D:\Bhargavi V.SMART Web DotNet - Latest\V.SMART\V.SMART\bin\Debug\net9.0-windows10.0.19041.0\win10-x64\V.SMART.exe.WebView2\EBWebView\Default lastActive=2026-08-29T08:07:25.485Z
2026-08-29 08:09:54.880: [INFO] OnDoneLoading sync enabled: 0
2026-08-29 08:09:54.880: [INFO] BookmarkModelLoaded, ids_reassigned: 0
2026-08-29 08:09:54.880: [INFO] BookmarksLoadDropped droppedNodes=0
2026-08-29 08:09:54.880: [INFO] BookmarksSnapshot Startup total=0 bar=0 other=0 mobile=0 showBar=0 showBarNTP=1
2026-08-29 08:12:38.440: [INFO] BookmarksSnapshot Shutdown total=0 bar=0 other=0 mobile=0 showBar=0 showBarNTP=1
2026-08-29 08:13:04.462: [INFO] CurrentProfilePath: D:\Bhargavi V.SMART Web DotNet - Latest\V.SMART\V.SMART\bin\Debug\net9.0-windows10.0.19041.0\win10-x64\V.SMART.exe.WebView2\EBWebView\Default
2026-08-29 08:13:04.462: [INFO] Profiles total count: 1
2026-08-29 08:13:04.462: [INFO] Profile: name=Profile 1 path=D:\Bhargavi V.SMART Web DotNet - Latest\V.SMART\V.SMART\bin\Debug\net9.0-windows10.0.19041.0\win10-x64\V.SMART.exe.WebView2\EBWebView\Default lastActive=2026-08-29T08:11:45.119Z
2026-08-29 08:13:04.462: [INFO] LastUsedProfileDir: D:\Bhargavi V.SMART Web DotNet - Latest\V.SMART\V.SMART\bin\Debug\net9.0-windows10.0.19041.0\win10-x64\V.SMART.exe.WebView2\EBWebView\Default
2026-08-29 08:13:04.462: [INFO] MostRecentlyActiveProfile: name=Profile 1 path=D:\Bhargavi V.SMART Web DotNet - Latest\V.SMART\V.SMART\bin\Debug\net9.0-windows10.0.19041.0\win10-x64\V.SMART.exe.WebView2\EBWebView\Default lastActive=2026-08-29T08:11:45.119Z
2026-08-29 08:13:04.462: [INFO] OnDoneLoading sync enabled: 0
2026-08-29 08:13:04.462: [INFO] BookmarkModelLoaded, ids_reassigned: 0
2026-08-29 08:13:04.462: [INFO] BookmarksLoadDropped droppedNodes=0
2026-08-29 08:13:04.462: [INFO] BookmarksSnapshot Startup total=0 bar=0 other=0 mobile=0 showBar=0 showBarNTP=1
2026-08-29 08:13:28.762: [INFO] BookmarksSnapshot Shutdown total=0 bar=0 other=0 mobile=0 showBar=0 showBarNTP=1
2026-08-29 08:14:15.198: [INFO] CurrentProfilePath: D:\Bhargavi V.SMART Web DotNet - Latest\V.SMART\V.SMART\bin\Debug\net9.0-windows10.0.19041.0\win10-x64\V.SMART.exe.WebView2\EBWebView\Default
2026-08-29 08:14:15.198: [INFO] Profiles total count: 1
2026-08-29 08:14:15.198: [INFO] Profile: name=Profile 1 path=D:\Bhargavi V.SMART Web DotNet - Latest\V.SMART\V.SMART\bin\Debug\net9.0-windows10.0.19041.0\win10-x64\V.SMART.exe.WebView2\EBWebView\Default lastActive=2026-08-29T08:13:04.934Z
2026-08-29 08:14:15.198: [INFO] LastUsedProfileDir: D:\Bhargavi V.SMART Web DotNet - Latest\V.SMART\V.SMART\bin\Debug\net9.0-windows10.0.19041.0\win10-x64\V.SMART.exe.WebView2\EBWebView\Default
2026-08-29 08:14:15.198: [INFO] MostRecentlyActiveProfile: name=Profile 1 path=D:\Bhargavi V.SMART Web DotNet - Latest\V.SMART\V.SMART\bin\Debug\net9.0-windows10.0.19041.0\win10-x64\V.SMART.exe.WebView2\EBWebView\Default lastActive=2026-08-29T08:13:04.934Z
2026-08-29 08:14:15.198: [INFO] OnDoneLoading sync enabled: 0
2026-08-29 08:14:15.198: [INFO] BookmarkModelLoaded, ids_reassigned: 0
2026-08-29 08:14:15.198: [INFO] BookmarksLoadDropped droppedNodes=0
2026-08-29 08:14:15.198: [INFO] BookmarksSnapshot Startup total=0 bar=0 other=0 mobile=0 showBar=0 showBarNTP=1
2026-08-29 08:14:36.935: [INFO] BookmarksSnapshot Shutdown total=0 bar=0 other=0 mobile=0 showBar=0 showBarNTP=1
2026-08-29 08:30:54.348: [INFO] CurrentProfilePath: D:\Bhargavi V.SMART Web DotNet - Latest\V.SMART\V.SMART\bin\Debug\net9.0-windows10.0.19041.0\win10-x64\V.SMART.exe.WebView2\EBWebView\Default
2026-08-29 08:30:54.348: [INFO] Profiles total count: 1
2026-08-29 08:30:54.349: [INFO] Profile: name=Profile 1 path=D:\Bhargavi V.SMART Web DotNet - Latest\V.SMART\V.SMART\bin\Debug\net9.0-windows10.0.19041.0\win10-x64\V.SMART.exe.WebView2\EBWebView\Default lastActive=2026-08-29T08:14:15.468Z
2026-08-29 08:30:54.349: [INFO] LastUsedProfileDir: D:\Bhargavi V.SMART Web DotNet - Latest\V.SMART\V.SMART\bin\Debug\net9.0-windows10.0.19041.0\win10-x64\V.SMART.exe.WebView2\EBWebView\Default
2026-08-29 08:30:54.349: [INFO] MostRecentlyActiveProfile: name=Profile 1 path=D:\Bhargavi V.SMART Web DotNet - Latest\V.SMART\V.SMART\bin\Debug\net9.0-windows10.0.19041.0\win10-x64\V.SMART.exe.WebView2\EBWebView\Default lastActive=2026-08-29T08:14:15.468Z
2026-08-29 08:30:54.349: [INFO] OnDoneLoading sync enabled: 0
2026-08-29 08:30:54.349: [INFO] BookmarkModelLoaded, ids_reassigned: 0
2026-08-29 08:30:54.349: [INFO] BookmarksLoadDropped droppedNodes=0
2026-08-29 08:30:54.349: [INFO] BookmarksSnapshot Startup total=0 bar=0 other=0 mobile=0 showBar=0 showBarNTP=1
2026-08-29 08:32:08.785: [INFO] BookmarksSnapshot Shutdown total=0 bar=0 other=0 mobile=0 showBar=0 showBarNTP=1
2026-08-29 08:54:59.507: [INFO] CurrentProfilePath: D:\Bhargavi V.SMART Web DotNet - Latest\V.SMART\V.SMART\bin\Debug\net9.0-windows10.0.19041.0\win10-x64\V.SMART.exe.WebView2\EBWebView\Default
2026-08-29 08:54:59.507: [INFO] Profiles total count: 1
2026-08-29 08:54:59.507: [INFO] Profile: name=Profile 1 path=D:\Bhargavi V.SMART Web DotNet - Latest\V.SMART\V.SMART\bin\Debug\net9.0-windows10.0.19041.0\win10-x64\V.SMART.exe.WebView2\EBWebView\Default lastActive=2026-08-29T08:32:05.872Z
2026-08-29 08:54:59.507: [INFO] LastUsedProfileDir: D:\Bhargavi V.SMART Web DotNet - Latest\V.SMART\V.SMART\bin\Debug\net9.0-windows10.0.19041.0\win10-x64\V.SMART.exe.WebView2\EBWebView\Default
2026-08-29 08:54:59.507: [INFO] MostRecentlyActiveProfile: name=Profile 1 path=D:\Bhargavi V.SMART Web DotNet - Latest\V.SMART\V.SMART\bin\Debug\net9.0-windows10.0.19041.0\win10-x64\V.SMART.exe.WebView2\EBWebView\Default lastActive=2026-08-29T08:32:05.872Z
2026-08-29 08:54:59.507: [INFO] OnDoneLoading sync enabled: 0
2026-08-29 08:54:59.507: [INFO] BookmarkModelLoaded, ids_reassigned: 0
2026-08-29 08:54:59.507: [INFO] BookmarksLoadDropped droppedNodes=0
2026-08-29 08:54:59.507: [INFO] BookmarksSnapshot Startup total=0 bar=0 other=0 mobile=0 showBar=0 showBarNTP=1
2026-08-29 08:55:23.413: [INFO] BookmarksSnapshot Shutdown total=0 bar=0 other=0 mobile=0 showBar=0 showBarNTP=1
2026-08-29 08:57:01.669: [INFO] CurrentProfilePath: D:\Bhargavi V.SMART Web DotNet - Latest\V.SMART\V.SMART\bin\Debug\net9.0-windows10.0.19041.0\win10-x64\V.SMART.exe.WebView2\EBWebView\Default
2026-08-29 08:57:01.669: [INFO] Profiles total count: 1
2026-08-29 08:57:01.708: [INFO] Profile: name=Profile 1 path=D:\Bhargavi V.SMART Web DotNet - Latest\V.SMART\V.SMART\bin\Debug\net9.0-windows10.0.19041.0\win10-x64\V.SMART.exe.WebView2\EBWebView\Default lastActive=2026-08-29T08:54:59.757Z
2026-08-29 08:57:01.708: [INFO] LastUsedProfileDir: D:\Bhargavi V.SMART Web DotNet - Latest\V.SMART\V.SMART\bin\Debug\net9.0-windows10.0.19041.0\win10-x64\V.SMART.exe.WebView2\EBWebView\Default
2026-08-29 08:57:01.708: [INFO] MostRecentlyActiveProfile: name=Profile 1 path=D:\Bhargavi V.SMART Web DotNet - Latest\V.SMART\V.SMART\bin\Debug\net9.0-windows10.0.19041.0\win10-x64\V.SMART.exe.WebView2\EBWebView\Default lastActive=2026-08-29T08:54:59.757Z
2026-08-29 08:57:01.708: [INFO] OnDoneLoading sync enabled: 0
2026-08-29 08:57:01.708: [INFO] BookmarkModelLoaded, ids_reassigned: 0
2026-08-29 08:57:01.708: [INFO] BookmarksLoadDropped droppedNodes=0
2026-08-29 08:57:01.708: [INFO] BookmarksSnapshot Startup total=0 bar=0 other=0 mobile=0 showBar=0 showBarNTP=1
2026-08-29 08:57:34.568: [INFO] BookmarksSnapshot Shutdown total=0 bar=0 other=0 mobile=0 showBar=0 showBarNTP=1
2026-08-29 09:03:27.123: [INFO] CurrentProfilePath: D:\Bhargavi V.SMART Web DotNet - Latest\V.SMART\V.SMART\bin\Debug\net9.0-windows10.0.19041.0\win10-x64\V.SMART.exe.WebView2\EBWebView\Default
2026-08-29 09:03:27.123: [INFO] Profiles total count: 1
2026-08-29 09:03:27.124: [INFO] Profile: name=Profile 1 path=D:\Bhargavi V.SMART Web DotNet - Latest\V.SMART\V.SMART\bin\Debug\net9.0-windows10.0.19041.0\win10-x64\V.SMART.exe.WebView2\EBWebView\Default lastActive=2026-08-29T08:57:02.028Z
2026-08-29 09:03:27.124: [INFO] LastUsedProfileDir: D:\Bhargavi V.SMART Web DotNet - Latest\V.SMART\V.SMART\bin\Debug\net9.0-windows10.0.19041.0\win10-x64\V.SMART.exe.WebView2\EBWebView\Default
2026-08-29 09:03:27.124: [INFO] MostRecentlyActiveProfile: name=Profile 1 path=D:\Bhargavi V.SMART Web DotNet - Latest\V.SMART\V.SMART\bin\Debug\net9.0-windows10.0.19041.0\win10-x64\V.SMART.exe.WebView2\EBWebView\Default lastActive=2026-08-29T08:57:02.028Z
2026-08-29 09:03:27.124: [INFO] OnDoneLoading sync enabled: 0
2026-08-29 09:03:27.124: [INFO] BookmarkModelLoaded, ids_reassigned: 0
2026-08-29 09:03:27.124: [INFO] BookmarksLoadDropped droppedNodes=0
2026-08-29 09:03:27.124: [INFO] BookmarksSnapshot Startup total=0 bar=0 other=0 mobile=0 showBar=0 showBarNTP=1
2026-08-29 09:04:08.734: [INFO] BookmarksSnapshot Shutdown total=0 bar=0 other=0 mobile=0 showBar=0 showBarNTP=1
2026-08-29 09:11:13.734: [INFO] CurrentProfilePath: D:\Bhargavi V.SMART Web DotNet - Latest\V.SMART\V.SMART\bin\Debug\net9.0-windows10.0.19041.0\win10-x64\V.SMART.exe.WebView2\EBWebView\Default
2026-08-29 09:11:13.734: [INFO] Profiles total count: 1
2026-08-29 09:11:13.744: [INFO] Profile: name=Profile 1 path=D:\Bhargavi V.SMART Web DotNet - Latest\V.SMART\V.SMART\bin\Debug\net9.0-windows10.0.19041.0\win10-x64\V.SMART.exe.WebView2\EBWebView\Default lastActive=2026-08-29T09:03:27.697Z
2026-08-29 09:11:13.744: [INFO] LastUsedProfileDir: D:\Bhargavi V.SMART Web DotNet - Latest\V.SMART\V.SMART\bin\Debug\net9.0-windows10.0.19041.0\win10-x64\V.SMART.exe.WebView2\EBWebView\Default
2026-08-29 09:11:13.744: [INFO] MostRecentlyActiveProfile: name=Profile 1 path=D:\Bhargavi V.SMART Web DotNet - Latest\V.SMART\V.SMART\bin\Debug\net9.0-windows10.0.19041.0\win10-x64\V.SMART.exe.WebView2\EBWebView\Default lastActive=2026-08-29T09:03:27.697Z
2026-08-29 09:11:13.744: [INFO] OnDoneLoading sync enabled: 0
2026-08-29 09:11:13.744: [INFO] BookmarkModelLoaded, ids_reassigned: 0
2026-08-29 09:11:13.744: [INFO] BookmarksLoadDropped droppedNodes=0
2026-08-29 09:11:13.744: [INFO] BookmarksSnapshot Startup total=0 bar=0 other=0 mobile=0 showBar=0 showBarNTP=1
2026-08-29 09:11:46.061: [INFO] BookmarksSnapshot Shutdown total=0 bar=0 other=0 mobile=0 showBar=0 showBarNTP=1
2026-08-29 09:12:24.148: [INFO] CurrentProfilePath: D:\Bhargavi V.SMART Web DotNet - Latest\V.SMART\V.SMART\bin\Debug\net9.0-windows10.0.19041.0\win10-x64\V.SMART.exe.WebView2\EBWebView\Default
2026-08-29 09:12:24.148: [INFO] Profiles total count: 1
2026-08-29 09:12:24.149: [INFO] Profile: name=Profile 1 path=D:\Bhargavi V.SMART Web DotNet - Latest\V.SMART\V.SMART\bin\Debug\net9.0-windows10.0.19041.0\win10-x64\V.SMART.exe.WebView2\EBWebView\Default lastActive=2026-08-29T09:11:14.574Z
2026-08-29 09:12:24.149: [INFO] LastUsedProfileDir: D:\Bhargavi V.SMART Web DotNet - Latest\V.SMART\V.SMART\bin\Debug\net9.0-windows10.0.19041.0\win10-x64\V.SMART.exe.WebView2\EBWebView\Default
2026-08-29 09:12:24.149: [INFO] MostRecentlyActiveProfile: name=Profile 1 path=D:\Bhargavi V.SMART Web DotNet - Latest\V.SMART\V.SMART\bin\Debug\net9.0-windows10.0.19041.0\win10-x64\V.SMART.exe.WebView2\EBWebView\Default lastActive=2026-08-29T09:11:14.574Z
2026-08-29 09:12:24.149: [INFO] OnDoneLoading sync enabled: 0
2026-08-29 09:12:24.149: [INFO] BookmarkModelLoaded, ids_reassigned: 0
2026-08-29 09:12:24.149: [INFO] BookmarksLoadDropped droppedNodes=0
2026-08-29 09:12:24.149: [INFO] BookmarksSnapshot Startup total=0 bar=0 other=0 mobile=0 showBar=0 showBarNTP=1
2026-08-29 09:12:41.704: [INFO] BookmarksSnapshot Shutdown total=0 bar=0 other=0 mobile=0 showBar=0 showBarNTP=1
2026-08-29 09:25:06.789: [INFO] CurrentProfilePath: D:\Bhargavi V.SMART Web DotNet - Latest\V.SMART\V.SMART\bin\Debug\net9.0-windows10.0.19041.0\win10-x64\V.SMART.exe.WebView2\EBWebView\Default
2026-08-29 09:25:06.789: [INFO] Profiles total count: 1
2026-08-29 09:25:06.790: [INFO] Profile: name=Profile 1 path=D:\Bhargavi V.SMART Web DotNet - Latest\V.SMART\V.SMART\bin\Debug\net9.0-windows10.0.19041.0\win10-x64\V.SMART.exe.WebView2\EBWebView\Default lastActive=2026-08-29T09:12:24.422Z
2026-08-29 09:25:06.790: [INFO] LastUsedProfileDir: D:\Bhargavi V.SMART Web DotNet - Latest\V.SMART\V.SMART\bin\Debug\net9.0-windows10.0.19041.0\win10-x64\V.SMART.exe.WebView2\EBWebView\Default
2026-08-29 09:25:06.790: [INFO] MostRecentlyActiveProfile: name=Profile 1 path=D:\Bhargavi V.SMART Web DotNet - Latest\V.SMART\V.SMART\bin\Debug\net9.0-windows10.0.19041.0\win10-x64\V.SMART.exe.WebView2\EBWebView\Default lastActive=2026-08-29T09:12:24.422Z
2026-08-29 09:25:06.790: [INFO] OnDoneLoading sync enabled: 0
2026-08-29 09:25:06.790: [INFO] BookmarkModelLoaded, ids_reassigned: 0
2026-08-29 09:25:06.790: [INFO] BookmarksLoadDropped droppedNodes=0
2026-08-29 09:25:06.790: [INFO] BookmarksSnapshot Startup total=0 bar=0 other=0 mobile=0 showBar=0 showBarNTP=1
2026-08-29 09:25:36.530: [INFO] BookmarksSnapshot Shutdown total=0 bar=0 other=0 mobile=0 showBar=0 showBarNTP=1
2026-08-29 09:26:07.234: [INFO] CurrentProfilePath: D:\Bhargavi V.SMART Web DotNet - Latest\V.SMART\V.SMART\bin\Debug\net9.0-windows10.0.19041.0\win10-x64\V.SMART.exe.WebView2\EBWebView\Default
2026-08-29 09:26:07.234: [INFO] Profiles total count: 1
2026-08-29 09:26:07.281: [INFO] Profile: name=Profile 1 path=D:\Bhargavi V.SMART Web DotNet - Latest\V.SMART\V.SMART\bin\Debug\net9.0-windows10.0.19041.0\win10-x64\V.SMART.exe.WebView2\EBWebView\Default lastActive=2026-08-29T09:25:07.312Z
2026-08-29 09:26:07.281: [INFO] LastUsedProfileDir: D:\Bhargavi V.SMART Web DotNet - Latest\V.SMART\V.SMART\bin\Debug\net9.0-windows10.0.19041.0\win10-x64\V.SMART.exe.WebView2\EBWebView\Default
2026-08-29 09:26:07.281: [INFO] MostRecentlyActiveProfile: name=Profile 1 path=D:\Bhargavi V.SMART Web DotNet - Latest\V.SMART\V.SMART\bin\Debug\net9.0-windows10.0.19041.0\win10-x64\V.SMART.exe.WebView2\EBWebView\Default lastActive=2026-08-29T09:25:07.312Z
2026-08-29 09:26:07.281: [INFO] OnDoneLoading sync enabled: 0
2026-08-29 09:26:07.281: [INFO] BookmarkModelLoaded, ids_reassigned: 0
2026-08-29 09:26:07.281: [INFO] BookmarksLoadDropped droppedNodes=0
2026-08-29 09:26:07.281: [INFO] BookmarksSnapshot Startup total=0 bar=0 other=0 mobile=0 showBar=0 showBarNTP=1
2026-08-29 09:27:08.144: [INFO] BookmarksSnapshot Shutdown total=0 bar=0 other=0 mobile=0 showBar=0 showBarNTP=1
2026-08-29 09:38:43.513: [INFO] CurrentProfilePath: D:\Bhargavi V.SMART Web DotNet - Latest\V.SMART\V.SMART\bin\Debug\net9.0-windows10.0.19041.0\win10-x64\V.SMART.exe.WebView2\EBWebView\Default
2026-08-29 09:38:43.513: [INFO] Profiles total count: 1
2026-08-29 09:38:43.514: [INFO] Profile: name=Profile 1 path=D:\Bhargavi V.SMART Web DotNet - Latest\V.SMART\V.SMART\bin\Debug\net9.0-windows10.0.19041.0\win10-x64\V.SMART.exe.WebView2\EBWebView\Default lastActive=2026-08-29T09:26:34.849Z
2026-08-29 09:38:43.514: [INFO] LastUsedProfileDir: D:\Bhargavi V.SMART Web DotNet - Latest\V.SMART\V.SMART\bin\Debug\net9.0-windows10.0.19041.0\win10-x64\V.SMART.exe.WebView2\EBWebView\Default
2026-08-29 09:38:43.515: [INFO] MostRecentlyActiveProfile: name=Profile 1 path=D:\Bhargavi V.SMART Web DotNet - Latest\V.SMART\V.SMART\bin\Debug\net9.0-windows10.0.19041.0\win10-x64\V.SMART.exe.WebView2\EBWebView\Default lastActive=2026-08-29T09:26:34.849Z
2026-08-29 09:38:43.515: [INFO] OnDoneLoading sync enabled: 0
2026-08-29 09:38:43.515: [INFO] BookmarkModelLoaded, ids_reassigned: 0
2026-08-29 09:38:43.515: [INFO] BookmarksLoadDropped droppedNodes=0
2026-08-29 09:38:43.515: [INFO] BookmarksSnapshot Startup total=0 bar=0 other=0 mobile=0 showBar=0 showBarNTP=1
2026-08-29 09:39:05.710: [INFO] BookmarksSnapshot Shutdown total=0 bar=0 other=0 mobile=0 showBar=0 showBarNTP=1
2026-08-29 09:39:41.797: [INFO] CurrentProfilePath: D:\Bhargavi V.SMART Web DotNet - Latest\V.SMART\V.SMART\bin\Debug\net9.0-windows10.0.19041.0\win10-x64\V.SMART.exe.WebView2\EBWebView\Default
2026-08-29 09:39:41.797: [INFO] Profiles total count: 1
2026-08-29 09:39:41.799: [INFO] Profile: name=Profile 1 path=D:\Bhargavi V.SMART Web DotNet - Latest\V.SMART\V.SMART\bin\Debug\net9.0-windows10.0.19041.0\win10-x64\V.SMART.exe.WebView2\EBWebView\Default lastActive=2026-08-29T09:39:01.574Z
2026-08-29 09:39:41.799: [INFO] LastUsedProfileDir: D:\Bhargavi V.SMART Web DotNet - Latest\V.SMART\V.SMART\bin\Debug\net9.0-windows10.0.19041.0\win10-x64\V.SMART.exe.WebView2\EBWebView\Default
2026-08-29 09:39:41.799: [INFO] MostRecentlyActiveProfile: name=Profile 1 path=D:\Bhargavi V.SMART Web DotNet - Latest\V.SMART\V.SMART\bin\Debug\net9.0-windows10.0.19041.0\win10-x64\V.SMART.exe.WebView2\EBWebView\Default lastActive=2026-08-29T09:39:01.574Z
2026-08-29 09:39:41.799: [INFO] OnDoneLoading sync enabled: 0
2026-08-29 09:39:41.799: [INFO] BookmarkModelLoaded, ids_reassigned: 0
2026-08-29 09:39:41.799: [INFO] BookmarksLoadDropped droppedNodes=0
2026-08-29 09:39:41.799: [INFO] BookmarksSnapshot Startup total=0 bar=0 other=0 mobile=0 showBar=0 showBarNTP=1
2026-08-29 09:40:03.849: [INFO] BookmarksSnapshot Shutdown total=0 bar=0 other=0 mobile=0 showBar=0 showBarNTP=1
2026-08-29 09:40:44.367: [INFO] CurrentProfilePath: D:\Bhargavi V.SMART Web DotNet - Latest\V.SMART\V.SMART\bin\Debug\net9.0-windows10.0.19041.0\win10-x64\V.SMART.exe.WebView2\EBWebView\Default
2026-08-29 09:40:44.367: [INFO] Profiles total count: 1
2026-08-29 09:40:44.369: [INFO] Profile: name=Profile 1 path=D:\Bhargavi V.SMART Web DotNet - Latest\V.SMART\V.SMART\bin\Debug\net9.0-windows10.0.19041.0\win10-x64\V.SMART.exe.WebView2\EBWebView\Default lastActive=2026-08-29T09:39:42.143Z
2026-08-29 09:40:44.369: [INFO] LastUsedProfileDir: D:\Bhargavi V.SMART Web DotNet - Latest\V.SMART\V.SMART\bin\Debug\net9.0-windows10.0.19041.0\win10-x64\V.SMART.exe.WebView2\EBWebView\Default
2026-08-29 09:40:44.369: [INFO] MostRecentlyActiveProfile: name=Profile 1 path=D:\Bhargavi V.SMART Web DotNet - Latest\V.SMART\V.SMART\bin\Debug\net9.0-windows10.0.19041.0\win10-x64\V.SMART.exe.WebView2\EBWebView\Default lastActive=2026-08-29T09:39:42.143Z
2026-08-29 09:40:44.369: [INFO] OnDoneLoading sync enabled: 0
2026-08-29 09:40:44.369: [INFO] BookmarkModelLoaded, ids_reassigned: 0
2026-08-29 09:40:44.369: [INFO] BookmarksLoadDropped droppedNodes=0
2026-08-29 09:40:44.369: [INFO] BookmarksSnapshot Startup total=0 bar=0 other=0 mobile=0 showBar=0 showBarNTP=1
2026-08-29 09:41:05.945: [INFO] BookmarksSnapshot Shutdown total=0 bar=0 other=0 mobile=0 showBar=0 showBarNTP=1
2026-08-31 04:48:59.563: [INFO] CurrentProfilePath: D:\Bhargavi V.SMART Web DotNet - Latest\V.SMART\V.SMART\bin\Debug\net9.0-windows10.0.19041.0\win10-x64\V.SMART.exe.WebView2\EBWebView\Default
2026-08-31 04:48:59.563: [INFO] Profiles total count: 1
2026-08-31 04:48:59.564: [INFO] Profile: name=Profile 1 path=D:\Bhargavi V.SMART Web DotNet - Latest\V.SMART\V.SMART\bin\Debug\net9.0-windows10.0.19041.0\win10-x64\V.SMART.exe.WebView2\EBWebView\Default lastActive=2026-08-29T10:22:20.410Z
2026-08-31 04:48:59.564: [INFO] LastUsedProfileDir: D:\Bhargavi V.SMART Web DotNet - Latest\V.SMART\V.SMART\bin\Debug\net9.0-windows10.0.19041.0\win10-x64\V.SMART.exe.WebView2\EBWebView\Default
2026-08-31 04:48:59.564: [INFO] MostRecentlyActiveProfile: name=Profile 1 path=D:\Bhargavi V.SMART Web DotNet - Latest\V.SMART\V.SMART\bin\Debug\net9.0-windows10.0.19041.0\win10-x64\V.SMART.exe.WebView2\EBWebView\Default lastActive=2026-08-29T10:22:20.410Z
2026-08-31 04:48:59.564: [INFO] OnDoneLoading sync enabled: 0
2026-08-31 04:48:59.564: [INFO] BookmarkModelLoaded, ids_reassigned: 0
2026-08-31 04:48:59.564: [INFO] BookmarksLoadDropped droppedNodes=0
2026-08-31 04:48:59.564: [INFO] BookmarksSnapshot Startup total=0 bar=0 other=0 mobile=0 showBar=0 showBarNTP=1
2026-08-31 04:49:28.868: [INFO] BookmarksSnapshot Shutdown total=0 bar=0 other=0 mobile=0 showBar=0 showBarNTP=1
2026-08-31 04:53:32.341: [INFO] CurrentProfilePath: D:\Bhargavi V.SMART Web DotNet - Latest\V.SMART\V.SMART\bin\Debug\net9.0-windows10.0.19041.0\win10-x64\V.SMART.exe.WebView2\EBWebView\Default
2026-08-31 04:53:32.341: [INFO] Profiles total count: 1
2026-08-31 04:53:32.342: [INFO] Profile: name=Profile 1 path=D:\Bhargavi V.SMART Web DotNet - Latest\V.SMART\V.SMART\bin\Debug\net9.0-windows10.0.19041.0\win10-x64\V.SMART.exe.WebView2\EBWebView\Default lastActive=2026-08-31T04:49:00.193Z
2026-08-31 04:53:32.342: [INFO] LastUsedProfileDir: D:\Bhargavi V.SMART Web DotNet - Latest\V.SMART\V.SMART\bin\Debug\net9.0-windows10.0.19041.0\win10-x64\V.SMART.exe.WebView2\EBWebView\Default
2026-08-31 04:53:32.342: [INFO] MostRecentlyActiveProfile: name=Profile 1 path=D:\Bhargavi V.SMART Web DotNet - Latest\V.SMART\V.SMART\bin\Debug\net9.0-windows10.0.19041.0\win10-x64\V.SMART.exe.WebView2\EBWebView\Default lastActive=2026-08-31T04:49:00.193Z
2026-08-31 04:53:32.342: [INFO] OnDoneLoading sync enabled: 0
2026-08-31 04:53:32.342: [INFO] BookmarkModelLoaded, ids_reassigned: 0
2026-08-31 04:53:32.342: [INFO] BookmarksLoadDropped droppedNodes=0
2026-08-31 04:53:32.342: [INFO] BookmarksSnapshot Startup total=0 bar=0 other=0 mobile=0 showBar=0 showBarNTP=1
2026-08-31 04:53:56.081: [INFO] BookmarksSnapshot Shutdown total=0 bar=0 other=0 mobile=0 showBar=0 showBarNTP=1
2026-08-31 05:10:34.584: [INFO] CurrentProfilePath: D:\Bhargavi V.SMART Web DotNet - Latest\V.SMART\V.SMART\bin\Debug\net9.0-windows10.0.19041.0\win10-x64\V.SMART.exe.WebView2\EBWebView\Default
2026-08-31 05:10:34.584: [INFO] Profiles total count: 1
2026-08-31 05:10:34.585: [INFO] Profile: name=Profile 1 path=D:\Bhargavi V.SMART Web DotNet - Latest\V.SMART\V.SMART\bin\Debug\net9.0-windows10.0.19041.0\win10-x64\V.SMART.exe.WebView2\EBWebView\Default lastActive=2026-08-31T04:53:32.716Z
2026-08-31 05:10:34.585: [INFO] LastUsedProfileDir: D:\Bhargavi V.SMART Web DotNet - Latest\V.SMART\V.SMART\bin\Debug\net9.0-windows10.0.19041.0\win10-x64\V.SMART.exe.WebView2\EBWebView\Default
2026-08-31 05:10:34.585: [INFO] MostRecentlyActiveProfile: name=Profile 1 path=D:\Bhargavi V.SMART Web DotNet - Latest\V.SMART\V.SMART\bin\Debug\net9.0-windows10.0.19041.0\win10-x64\V.SMART.exe.WebView2\EBWebView\Default lastActive=2026-08-31T04:53:32.716Z
2026-08-31 05:10:34.585: [INFO] OnDoneLoading sync enabled: 0
2026-08-31 05:10:34.585: [INFO] BookmarkModelLoaded, ids_reassigned: 0
2026-08-31 05:10:34.585: [INFO] BookmarksLoadDropped droppedNodes=0
2026-08-31 05:10:34.585: [INFO] BookmarksSnapshot Startup total=0 bar=0 other=0 mobile=0 showBar=0 showBarNTP=1
2026-08-31 05:11:04.250: [INFO] BookmarksSnapshot Shutdown total=0 bar=0 other=0 mobile=0 showBar=0 showBarNTP=1
2026-08-31 05:12:14.829: [INFO] CurrentProfilePath: D:\Bhargavi V.SMART Web DotNet - Latest\V.SMART\V.SMART\bin\Debug\net9.0-windows10.0.19041.0\win10-x64\V.SMART.exe.WebView2\EBWebView\Default
2026-08-31 05:12:14.829: [INFO] Profiles total count: 1
2026-08-31 05:12:14.830: [INFO] Profile: name=Profile 1 path=D:\Bhargavi V.SMART Web DotNet - Latest\V.SMART\V.SMART\bin\Debug\net9.0-windows10.0.19041.0\win10-x64\V.SMART.exe.WebView2\EBWebView\Default lastActive=2026-08-31T05:10:34.823Z
2026-08-31 05:12:14.830: [INFO] LastUsedProfileDir: D:\Bhargavi V.SMART Web DotNet - Latest\V.SMART\V.SMART\bin\Debug\net9.0-windows10.0.19041.0\win10-x64\V.SMART.exe.WebView2\EBWebView\Default
2026-08-31 05:12:14.830: [INFO] MostRecentlyActiveProfile: name=Profile 1 path=D:\Bhargavi V.SMART Web DotNet - Latest\V.SMART\V.SMART\bin\Debug\net9.0-windows10.0.19041.0\win10-x64\V.SMART.exe.WebView2\EBWebView\Default lastActive=2026-08-31T05:10:34.823Z
2026-08-31 05:12:14.830: [INFO] OnDoneLoading sync enabled: 0
2026-08-31 05:12:14.830: [INFO] BookmarkModelLoaded, ids_reassigned: 0
2026-08-31 05:12:14.830: [INFO] BookmarksLoadDropped droppedNodes=0
2026-08-31 05:12:14.830: [INFO] BookmarksSnapshot Startup total=0 bar=0 other=0 mobile=0 showBar=0 showBarNTP=1
2026-08-31 05:12:38.453: [INFO] BookmarksSnapshot Shutdown total=0 bar=0 other=0 mobile=0 showBar=0 showBarNTP=1
2026-08-31 05:13:03.694: [INFO] CurrentProfilePath: D:\Bhargavi V.SMART Web DotNet - Latest\V.SMART\V.SMART\bin\Debug\net9.0-windows10.0.19041.0\win10-x64\V.SMART.exe.WebView2\EBWebView\Default
2026-08-31 05:13:03.694: [INFO] Profiles total count: 1
2026-08-31 05:13:03.694: [INFO] Profile: name=Profile 1 path=D:\Bhargavi V.SMART Web DotNet - Latest\V.SMART\V.SMART\bin\Debug\net9.0-windows10.0.19041.0\win10-x64\V.SMART.exe.WebView2\EBWebView\Default lastActive=2026-08-31T05:12:15.006Z
2026-08-31 05:13:03.694: [INFO] LastUsedProfileDir: D:\Bhargavi V.SMART Web DotNet - Latest\V.SMART\V.SMART\bin\Debug\net9.0-windows10.0.19041.0\win10-x64\V.SMART.exe.WebView2\EBWebView\Default
2026-08-31 05:13:03.694: [INFO] MostRecentlyActiveProfile: name=Profile 1 path=D:\Bhargavi V.SMART Web DotNet - Latest\V.SMART\V.SMART\bin\Debug\net9.0-windows10.0.19041.0\win10-x64\V.SMART.exe.WebView2\EBWebView\Default lastActive=2026-08-31T05:12:15.006Z
2026-08-31 05:13:03.694: [INFO] OnDoneLoading sync enabled: 0
2026-08-31 05:13:03.694: [INFO] BookmarkModelLoaded, ids_reassigned: 0
2026-08-31 05:13:03.694: [INFO] BookmarksLoadDropped droppedNodes=0
2026-08-31 05:13:03.694: [INFO] BookmarksSnapshot Startup total=0 bar=0 other=0 mobile=0 showBar=0 showBarNTP=1
2026-08-31 05:13:40.542: [INFO] BookmarksSnapshot Shutdown total=0 bar=0 other=0 mobile=0 showBar=0 showBarNTP=1
2026-09-01 10:54:53.475: [INFO] CurrentProfilePath: D:\Bhargavi V.SMART Web DotNet - Latest\V.SMART\V.SMART\bin\Debug\net9.0-windows10.0.19041.0\win10-x64\V.SMART.exe.WebView2\EBWebView\Default
2026-09-01 10:54:53.475: [INFO] Profiles total count: 1
2026-09-01 10:54:53.476: [INFO] Profile: name=Profile 1 path=D:\Bhargavi V.SMART Web DotNet - Latest\V.SMART\V.SMART\bin\Debug\net9.0-windows10.0.19041.0\win10-x64\V.SMART.exe.WebView2\EBWebView\Default lastActive=2026-08-31T05:13:22.253Z
2026-09-01 10:54:53.476: [INFO] LastUsedProfileDir: D:\Bhargavi V.SMART Web DotNet - Latest\V.SMART\V.SMART\bin\Debug\net9.0-windows10.0.19041.0\win10-x64\V.SMART.exe.WebView2\EBWebView\Default
2026-09-01 10:54:53.476: [INFO] MostRecentlyActiveProfile: name=Profile 1 path=D:\Bhargavi V.SMART Web DotNet - Latest\V.SMART\V.SMART\bin\Debug\net9.0-windows10.0.19041.0\win10-x64\V.SMART.exe.WebView2\EBWebView\Default lastActive=2026-08-31T05:13:22.253Z
2026-09-01 10:54:53.476: [INFO] OnDoneLoading sync enabled: 0
2026-09-01 10:54:53.476: [INFO] BookmarkModelLoaded, ids_reassigned: 0
2026-09-01 10:54:53.476: [INFO] BookmarksLoadDropped droppedNodes=0
2026-09-01 10:54:53.476: [INFO] BookmarksSnapshot Startup total=0 bar=0 other=0 mobile=0 showBar=0 showBarNTP=1
2026-09-01 10:55:47.501: [INFO] BookmarksSnapshot Shutdown total=0 bar=0 other=0 mobile=0 showBar=0 showBarNTP=1
2026-09-01 11:01:29.432: [INFO] CurrentProfilePath: D:\Bhargavi V.SMART Web DotNet - Latest\V.SMART\V.SMART\bin\Debug\net9.0-windows10.0.19041.0\win10-x64\V.SMART.exe.WebView2\EBWebView\Default
2026-09-01 11:01:29.432: [INFO] Profiles total count: 1
2026-09-01 11:01:29.433: [INFO] Profile: name=Profile 1 path=D:\Bhargavi V.SMART Web DotNet - Latest\V.SMART\V.SMART\bin\Debug\net9.0-windows10.0.19041.0\win10-x64\V.SMART.exe.WebView2\EBWebView\Default lastActive=2026-09-01T10:55:46.152Z
2026-09-01 11:01:29.433: [INFO] LastUsedProfileDir: D:\Bhargavi V.SMART Web DotNet - Latest\V.SMART\V.SMART\bin\Debug\net9.0-windows10.0.19041.0\win10-x64\V.SMART.exe.WebView2\EBWebView\Default
2026-09-01 11:01:29.433: [INFO] MostRecentlyActiveProfile: name=Profile 1 path=D:\Bhargavi V.SMART Web DotNet - Latest\V.SMART\V.SMART\bin\Debug\net9.0-windows10.0.19041.0\win10-x64\V.SMART.exe.WebView2\EBWebView\Default lastActive=2026-09-01T10:55:46.152Z
2026-09-01 11:01:29.433: [INFO] OnDoneLoading sync enabled: 0
2026-09-01 11:01:29.433: [INFO] BookmarkModelLoaded, ids_reassigned: 0
2026-09-01 11:01:29.433: [INFO] BookmarksLoadDropped droppedNodes=0
2026-09-01 11:01:29.433: [INFO] BookmarksSnapshot Startup total=0 bar=0 other=0 mobile=0 showBar=0 showBarNTP=1
2026-09-01 11:01:52.530: [INFO] BookmarksSnapshot Shutdown total=0 bar=0 other=0 mobile=0 showBar=0 showBarNTP=1
2026-09-01 11:02:54.829: [INFO] CurrentProfilePath: D:\Bhargavi V.SMART Web DotNet - Latest\V.SMART\V.SMART\bin\Debug\net9.0-windows10.0.19041.0\win10-x64\V.SMART.exe.WebView2\EBWebView\Default
2026-09-01 11:02:54.829: [INFO] Profiles total count: 1
2026-09-01 11:02:54.831: [INFO] Profile: name=Profile 1 path=D:\Bhargavi V.SMART Web DotNet - Latest\V.SMART\V.SMART\bin\Debug\net9.0-windows10.0.19041.0\win10-x64\V.SMART.exe.WebView2\EBWebView\Default lastActive=2026-09-01T11:01:29.569Z
2026-09-01 11:02:54.831: [INFO] LastUsedProfileDir: D:\Bhargavi V.SMART Web DotNet - Latest\V.SMART\V.SMART\bin\Debug\net9.0-windows10.0.19041.0\win10-x64\V.SMART.exe.WebView2\EBWebView\Default
2026-09-01 11:02:54.831: [INFO] MostRecentlyActiveProfile: name=Profile 1 path=D:\Bhargavi V.SMART Web DotNet - Latest\V.SMART\V.SMART\bin\Debug\net9.0-windows10.0.19041.0\win10-x64\V.SMART.exe.WebView2\EBWebView\Default lastActive=2026-09-01T11:01:29.569Z
2026-09-01 11:02:54.831: [INFO] OnDoneLoading sync enabled: 0
2026-09-01 11:02:54.831: [INFO] BookmarkModelLoaded, ids_reassigned: 0
2026-09-01 11:02:54.831: [INFO] BookmarksLoadDropped droppedNodes=0
2026-09-01 11:02:54.831: [INFO] BookmarksSnapshot Startup total=0 bar=0 other=0 mobile=0 showBar=0 showBarNTP=1
2026-09-01 11:03:58.372: [INFO] BookmarksSnapshot Shutdown total=0 bar=0 other=0 mobile=0 showBar=0 showBarNTP=1
2026-09-01 11:04:13.146: [INFO] CurrentProfilePath: D:\Bhargavi V.SMART Web DotNet - Latest\V.SMART\V.SMART\bin\Debug\net9.0-windows10.0.19041.0\win10-x64\V.SMART.exe.WebView2\EBWebView\Default
2026-09-01 11:04:13.146: [INFO] Profiles total count: 1
2026-09-01 11:04:13.148: [INFO] Profile: name=Profile 1 path=D:\Bhargavi V.SMART Web DotNet - Latest\V.SMART\V.SMART\bin\Debug\net9.0-windows10.0.19041.0\win10-x64\V.SMART.exe.WebView2\EBWebView\Default lastActive=2026-09-01T11:02:55.362Z
2026-09-01 11:04:13.148: [INFO] LastUsedProfileDir: D:\Bhargavi V.SMART Web DotNet - Latest\V.SMART\V.SMART\bin\Debug\net9.0-windows10.0.19041.0\win10-x64\V.SMART.exe.WebView2\EBWebView\Default
2026-09-01 11:04:13.148: [INFO] MostRecentlyActiveProfile: name=Profile 1 path=D:\Bhargavi V.SMART Web DotNet - Latest\V.SMART\V.SMART\bin\Debug\net9.0-windows10.0.19041.0\win10-x64\V.SMART.exe.WebView2\EBWebView\Default lastActive=2026-09-01T11:02:55.362Z
2026-09-01 11:04:13.148: [INFO] OnDoneLoading sync enabled: 0
2026-09-01 11:04:13.148: [INFO] BookmarkModelLoaded, ids_reassigned: 0
2026-09-01 11:04:13.148: [INFO] BookmarksLoadDropped droppedNodes=0
2026-09-01 11:04:13.148: [INFO] BookmarksSnapshot Startup total=0 bar=0 other=0 mobile=0 showBar=0 showBarNTP=1
2026-09-01 11:06:56.810: [INFO] BookmarksSnapshot Shutdown total=0 bar=0 other=0 mobile=0 showBar=0 showBarNTP=1
2026-09-01 11:07:55.881: [INFO] CurrentProfilePath: D:\Bhargavi V.SMART Web DotNet - Latest\V.SMART\V.SMART\bin\Debug\net9.0-windows10.0.19041.0\win10-x64\V.SMART.exe.WebView2\EBWebView\Default
2026-09-01 11:07:55.881: [INFO] Profiles total count: 1
2026-09-01 11:07:55.882: [INFO] Profile: name=Profile 1 path=D:\Bhargavi V.SMART Web DotNet - Latest\V.SMART\V.SMART\bin\Debug\net9.0-windows10.0.19041.0\win10-x64\V.SMART.exe.WebView2\EBWebView\Default lastActive=2026-09-01T11:06:00.460Z
2026-09-01 11:07:55.882: [INFO] LastUsedProfileDir: D:\Bhargavi V.SMART Web DotNet - Latest\V.SMART\V.SMART\bin\Debug\net9.0-windows10.0.19041.0\win10-x64\V.SMART.exe.WebView2\EBWebView\Default
2026-09-01 11:07:55.882: [INFO] MostRecentlyActiveProfile: name=Profile 1 path=D:\Bhargavi V.SMART Web DotNet - Latest\V.SMART\V.SMART\bin\Debug\net9.0-windows10.0.19041.0\win10-x64\V.SMART.exe.WebView2\EBWebView\Default lastActive=2026-09-01T11:06:00.460Z
2026-09-01 11:07:55.882: [INFO] OnDoneLoading sync enabled: 0
2026-09-01 11:07:55.882: [INFO] BookmarkModelLoaded, ids_reassigned: 0
2026-09-01 11:07:55.882: [INFO] BookmarksLoadDropped droppedNodes=0
2026-09-01 11:07:55.882: [INFO] BookmarksSnapshot Startup total=0 bar=0 other=0 mobile=0 showBar=0 showBarNTP=1
2026-09-01 11:08:38.858: [INFO] BookmarksSnapshot Shutdown total=0 bar=0 other=0 mobile=0 showBar=0 showBarNTP=1
2026-09-01 11:08:45.676: [INFO] CurrentProfilePath: D:\Bhargavi V.SMART Web DotNet - Latest\V.SMART\V.SMART\bin\Debug\net9.0-windows10.0.19041.0\win10-x64\V.SMART.exe.WebView2\EBWebView\Default
2026-09-01 11:08:45.676: [INFO] Profiles total count: 1
2026-09-01 11:08:45.676: [INFO] Profile: name=Profile 1 path=D:\Bhargavi V.SMART Web DotNet - Latest\V.SMART\V.SMART\bin\Debug\net9.0-windows10.0.19041.0\win10-x64\V.SMART.exe.WebView2\EBWebView\Default lastActive=2026-09-01T11:07:56.285Z
2026-09-01 11:08:45.676: [INFO] LastUsedProfileDir: D:\Bhargavi V.SMART Web DotNet - Latest\V.SMART\V.SMART\bin\Debug\net9.0-windows10.0.19041.0\win10-x64\V.SMART.exe.WebView2\EBWebView\Default
2026-09-01 11:08:45.676: [INFO] MostRecentlyActiveProfile: name=Profile 1 path=D:\Bhargavi V.SMART Web DotNet - Latest\V.SMART\V.SMART\bin\Debug\net9.0-windows10.0.19041.0\win10-x64\V.SMART.exe.WebView2\EBWebView\Default lastActive=2026-09-01T11:07:56.285Z
2026-09-01 11:08:45.676: [INFO] OnDoneLoading sync enabled: 0
2026-09-01 11:08:45.676: [INFO] BookmarkModelLoaded, ids_reassigned: 0
2026-09-01 11:08:45.676: [INFO] BookmarksLoadDropped droppedNodes=0
2026-09-01 11:08:45.676: [INFO] BookmarksSnapshot Startup total=0 bar=0 other=0 mobile=0 showBar=0 showBarNTP=1
2026-09-01 11:10:42.749: [INFO] BookmarksSnapshot Shutdown total=0 bar=0 other=0 mobile=0 showBar=0 showBarNTP=1
2026-09-01 11:29:42.903: [INFO] CurrentProfilePath: D:\Bhargavi V.SMART Web DotNet - Latest\V.SMART\V.SMART\bin\Debug\net9.0-windows10.0.19041.0\win10-x64\V.SMART.exe.WebView2\EBWebView\Default
2026-09-01 11:29:42.903: [INFO] Profiles total count: 1
2026-09-01 11:29:42.904: [INFO] Profile: name=Profile 1 path=D:\Bhargavi V.SMART Web DotNet - Latest\V.SMART\V.SMART\bin\Debug\net9.0-windows10.0.19041.0\win10-x64\V.SMART.exe.WebView2\EBWebView\Default lastActive=2026-09-01T11:08:45.927Z
2026-09-01 11:29:42.904: [INFO] LastUsedProfileDir: D:\Bhargavi V.SMART Web DotNet - Latest\V.SMART\V.SMART\bin\Debug\net9.0-windows10.0.19041.0\win10-x64\V.SMART.exe.WebView2\EBWebView\Default
2026-09-01 11:29:42.904: [INFO] MostRecentlyActiveProfile: name=Profile 1 path=D:\Bhargavi V.SMART Web DotNet - Latest\V.SMART\V.SMART\bin\Debug\net9.0-windows10.0.19041.0\win10-x64\V.SMART.exe.WebView2\EBWebView\Default lastActive=2026-09-01T11:08:45.927Z
2026-09-01 11:29:42.904: [INFO] OnDoneLoading sync enabled: 0
2026-09-01 11:29:42.904: [INFO] BookmarkModelLoaded, ids_reassigned: 0
2026-09-01 11:29:42.904: [INFO] BookmarksLoadDropped droppedNodes=0
2026-09-01 11:29:42.904: [INFO] BookmarksSnapshot Startup total=0 bar=0 other=0 mobile=0 showBar=0 showBarNTP=1
2026-09-01 11:37:45.276: [INFO] BookmarksSnapshot Shutdown total=0 bar=0 other=0 mobile=0 showBar=0 showBarNTP=1
2026-09-01 11:37:49.542: [INFO] CurrentProfilePath: D:\Bhargavi V.SMART Web DotNet - Latest\V.SMART\V.SMART\bin\Debug\net9.0-windows10.0.19041.0\win10-x64\V.SMART.exe.WebView2\EBWebView\Default
2026-09-01 11:37:49.542: [INFO] Profiles total count: 1
2026-09-01 11:37:49.542: [INFO] Profile: name=Profile 1 path=D:\Bhargavi V.SMART Web DotNet - Latest\V.SMART\V.SMART\bin\Debug\net9.0-windows10.0.19041.0\win10-x64\V.SMART.exe.WebView2\EBWebView\Default lastActive=2026-09-01T11:29:43.222Z
2026-09-01 11:37:49.542: [INFO] LastUsedProfileDir: D:\Bhargavi V.SMART Web DotNet - Latest\V.SMART\V.SMART\bin\Debug\net9.0-windows10.0.19041.0\win10-x64\V.SMART.exe.WebView2\EBWebView\Default
2026-09-01 11:37:49.542: [INFO] MostRecentlyActiveProfile: name=Profile 1 path=D:\Bhargavi V.SMART Web DotNet - Latest\V.SMART\V.SMART\bin\Debug\net9.0-windows10.0.19041.0\win10-x64\V.SMART.exe.WebView2\EBWebView\Default lastActive=2026-09-01T11:29:43.222Z
2026-09-01 11:37:49.542: [INFO] OnDoneLoading sync enabled: 0
2026-09-01 11:37:49.542: [INFO] BookmarkModelLoaded, ids_reassigned: 0
2026-09-01 11:37:49.542: [INFO] BookmarksLoadDropped droppedNodes=0
2026-09-01 11:37:49.542: [INFO] BookmarksSnapshot Startup total=0 bar=0 other=0 mobile=0 showBar=0 showBarNTP=1
2026-09-01 11:43:10.459: [INFO] BookmarksSnapshot Shutdown total=0 bar=0 other=0 mobile=0 showBar=0 showBarNTP=1
2026-09-01 11:44:00.277: [INFO] CurrentProfilePath: D:\Bhargavi V.SMART Web DotNet - Latest\V.SMART\V.SMART\bin\Debug\net9.0-windows10.0.19041.0\win10-x64\V.SMART.exe.WebView2\EBWebView\Default
2026-09-01 11:44:00.277: [INFO] Profiles total count: 1
2026-09-01 11:44:00.278: [INFO] Profile: name=Profile 1 path=D:\Bhargavi V.SMART Web DotNet - Latest\V.SMART\V.SMART\bin\Debug\net9.0-windows10.0.19041.0\win10-x64\V.SMART.exe.WebView2\EBWebView\Default lastActive=2026-09-01T11:37:49.696Z
2026-09-01 11:44:00.278: [INFO] LastUsedProfileDir: D:\Bhargavi V.SMART Web DotNet - Latest\V.SMART\V.SMART\bin\Debug\net9.0-windows10.0.19041.0\win10-x64\V.SMART.exe.WebView2\EBWebView\Default
2026-09-01 11:44:00.279: [INFO] MostRecentlyActiveProfile: name=Profile 1 path=D:\Bhargavi V.SMART Web DotNet - Latest\V.SMART\V.SMART\bin\Debug\net9.0-windows10.0.19041.0\win10-x64\V.SMART.exe.WebView2\EBWebView\Default lastActive=2026-09-01T11:37:49.696Z
2026-09-01 11:44:00.279: [INFO] OnDoneLoading sync enabled: 0
2026-09-01 11:44:00.279: [INFO] BookmarkModelLoaded, ids_reassigned: 0
2026-09-01 11:44:00.279: [INFO] BookmarksLoadDropped droppedNodes=0
2026-09-01 11:44:00.279: [INFO] BookmarksSnapshot Startup total=0 bar=0 other=0 mobile=0 showBar=0 showBarNTP=1
2026-09-01 11:45:15.169: [INFO] BookmarksSnapshot Shutdown total=0 bar=0 other=0 mobile=0 showBar=0 showBarNTP=1
2026-09-01 12:50:23.818: [INFO] CurrentProfilePath: D:\Bhargavi V.SMART Web DotNet - Latest\V.SMART\V.SMART\bin\Debug\net9.0-windows10.0.19041.0\win10-x64\V.SMART.exe.WebView2\EBWebView\Default
2026-09-01 12:50:23.818: [INFO] Profiles total count: 1
2026-09-01 12:50:23.819: [INFO] Profile: name=Profile 1 path=D:\Bhargavi V.SMART Web DotNet - Latest\V.SMART\V.SMART\bin\Debug\net9.0-windows10.0.19041.0\win10-x64\V.SMART.exe.WebView2\EBWebView\Default lastActive=2026-09-01T11:45:09.051Z
2026-09-01 12:50:23.819: [INFO] LastUsedProfileDir: D:\Bhargavi V.SMART Web DotNet - Latest\V.SMART\V.SMART\bin\Debug\net9.0-windows10.0.19041.0\win10-x64\V.SMART.exe.WebView2\EBWebView\Default
2026-09-01 12:50:23.819: [INFO] MostRecentlyActiveProfile: name=Profile 1 path=D:\Bhargavi V.SMART Web DotNet - Latest\V.SMART\V.SMART\bin\Debug\net9.0-windows10.0.19041.0\win10-x64\V.SMART.exe.WebView2\EBWebView\Default lastActive=2026-09-01T11:45:09.051Z
2026-09-01 12:50:23.819: [INFO] OnDoneLoading sync enabled: 0
2026-09-01 12:50:23.819: [INFO] BookmarkModelLoaded, ids_reassigned: 0
2026-09-01 12:50:23.819: [INFO] BookmarksLoadDropped droppedNodes=0
2026-09-01 12:50:23.819: [INFO] BookmarksSnapshot Startup total=0 bar=0 other=0 mobile=0 showBar=0 showBarNTP=1
2026-09-01 12:51:12.302: [INFO] BookmarksSnapshot Shutdown total=0 bar=0 other=0 mobile=0 showBar=0 showBarNTP=1
2026-09-01 12:51:55.758: [INFO] CurrentProfilePath: D:\Bhargavi V.SMART Web DotNet - Latest\V.SMART\V.SMART\bin\Debug\net9.0-windows10.0.19041.0\win10-x64\V.SMART.exe.WebView2\EBWebView\Default
2026-09-01 12:51:55.758: [INFO] Profiles total count: 1
2026-09-01 12:51:55.759: [INFO] Profile: name=Profile 1 path=D:\Bhargavi V.SMART Web DotNet - Latest\V.SMART\V.SMART\bin\Debug\net9.0-windows10.0.19041.0\win10-x64\V.SMART.exe.WebView2\EBWebView\Default lastActive=2026-09-01T12:50:24.189Z
2026-09-01 12:51:55.759: [INFO] LastUsedProfileDir: D:\Bhargavi V.SMART Web DotNet - Latest\V.SMART\V.SMART\bin\Debug\net9.0-windows10.0.19041.0\win10-x64\V.SMART.exe.WebView2\EBWebView\Default
2026-09-01 12:51:55.759: [INFO] MostRecentlyActiveProfile: name=Profile 1 path=D:\Bhargavi V.SMART Web DotNet - Latest\V.SMART\V.SMART\bin\Debug\net9.0-windows10.0.19041.0\win10-x64\V.SMART.exe.WebView2\EBWebView\Default lastActive=2026-09-01T12:50:24.189Z
2026-09-01 12:51:55.759: [INFO] OnDoneLoading sync enabled: 0
2026-09-01 12:51:55.759: [INFO] BookmarkModelLoaded, ids_reassigned: 0
2026-09-01 12:51:55.759: [INFO] BookmarksLoadDropped droppedNodes=0
2026-09-01 12:51:55.759: [INFO] BookmarksSnapshot Startup total=0 bar=0 other=0 mobile=0 showBar=0 showBarNTP=1
2026-09-01 12:52:22.372: [INFO] BookmarksSnapshot Shutdown total=0 bar=0 other=0 mobile=0 showBar=0 showBarNTP=1
2026-09-03 09:44:24.932: [INFO] CurrentProfilePath: D:\Bhargavi V.SMART Web DotNet - Latest\V.SMART\V.SMART\bin\Debug\net9.0-windows10.0.19041.0\win10-x64\V.SMART.exe.WebView2\EBWebView\Default
2026-09-03 09:44:24.932: [INFO] Profiles total count: 1
2026-09-03 09:44:24.932: [INFO] Profile: name=Profile 1 path=D:\Bhargavi V.SMART Web DotNet - Latest\V.SMART\V.SMART\bin\Debug\net9.0-windows10.0.19041.0\win10-x64\V.SMART.exe.WebView2\EBWebView\Default lastActive=2026-09-01T12:52:09.438Z
2026-09-03 09:44:24.932: [INFO] LastUsedProfileDir: D:\Bhargavi V.SMART Web DotNet - Latest\V.SMART\V.SMART\bin\Debug\net9.0-windows10.0.19041.0\win10-x64\V.SMART.exe.WebView2\EBWebView\Default
2026-09-03 09:44:24.932: [INFO] MostRecentlyActiveProfile: name=Profile 1 path=D:\Bhargavi V.SMART Web DotNet - Latest\V.SMART\V.SMART\bin\Debug\net9.0-windows10.0.19041.0\win10-x64\V.SMART.exe.WebView2\EBWebView\Default lastActive=2026-09-01T12:52:09.438Z
2026-09-03 09:44:24.932: [INFO] OnDoneLoading sync enabled: 0
2026-09-03 09:44:24.932: [INFO] BookmarkModelLoaded, ids_reassigned: 0
2026-09-03 09:44:24.932: [INFO] BookmarksLoadDropped droppedNodes=0
2026-09-03 09:44:24.932: [INFO] BookmarksSnapshot Startup total=0 bar=0 other=0 mobile=0 showBar=0 showBarNTP=1
2026-09-03 09:59:09.370: [INFO] BookmarksSnapshot Shutdown total=0 bar=0 other=0 mobile=0 showBar=0 showBarNTP=1
2026-09-03 10:48:45.311: [INFO] CurrentProfilePath: D:\Bhargavi V.SMART Web DotNet - Latest\V.SMART\V.SMART\bin\Debug\net9.0-windows10.0.19041.0\win10-x64\V.SMART.exe.WebView2\EBWebView\Default
2026-09-03 10:48:45.311: [INFO] Profiles total count: 1
2026-09-03 10:48:45.311: [INFO] Profile: name=Profile 1 path=D:\Bhargavi V.SMART Web DotNet - Latest\V.SMART\V.SMART\bin\Debug\net9.0-windows10.0.19041.0\win10-x64\V.SMART.exe.WebView2\EBWebView\Default lastActive=2026-09-03T09:54:47.054Z
2026-09-03 10:48:45.311: [INFO] LastUsedProfileDir: D:\Bhargavi V.SMART Web DotNet - Latest\V.SMART\V.SMART\bin\Debug\net9.0-windows10.0.19041.0\win10-x64\V.SMART.exe.WebView2\EBWebView\Default
2026-09-03 10:48:45.311: [INFO] MostRecentlyActiveProfile: name=Profile 1 path=D:\Bhargavi V.SMART Web DotNet - Latest\V.SMART\V.SMART\bin\Debug\net9.0-windows10.0.19041.0\win10-x64\V.SMART.exe.WebView2\EBWebView\Default lastActive=2026-09-03T09:54:47.054Z
2026-09-03 10:48:45.311: [INFO] OnDoneLoading sync enabled: 0
2026-09-03 10:48:45.311: [INFO] BookmarkModelLoaded, ids_reassigned: 0
2026-09-03 10:48:45.311: [INFO] BookmarksLoadDropped droppedNodes=0
2026-09-03 10:48:45.311: [INFO] BookmarksSnapshot Startup total=0 bar=0 other=0 mobile=0 showBar=0 showBarNTP=1
2026-09-03 10:54:29.720: [INFO] BookmarksSnapshot Shutdown total=0 bar=0 other=0 mobile=0 showBar=0 showBarNTP=1
2026-09-03 10:55:39.749: [INFO] CurrentProfilePath: D:\Bhargavi V.SMART Web DotNet - Latest\V.SMART\V.SMART\bin\Debug\net9.0-windows10.0.19041.0\win10-x64\V.SMART.exe.WebView2\EBWebView\Default
2026-09-03 10:55:39.749: [INFO] Profiles total count: 1
2026-09-03 10:55:39.749: [INFO] Profile: name=Profile 1 path=D:\Bhargavi V.SMART Web DotNet - Latest\V.SMART\V.SMART\bin\Debug\net9.0-windows10.0.19041.0\win10-x64\V.SMART.exe.WebView2\EBWebView\Default lastActive=2026-09-03T10:52:24.623Z
2026-09-03 10:55:39.749: [INFO] LastUsedProfileDir: D:\Bhargavi V.SMART Web DotNet - Latest\V.SMART\V.SMART\bin\Debug\net9.0-windows10.0.19041.0\win10-x64\V.SMART.exe.WebView2\EBWebView\Default
2026-09-03 10:55:39.749: [INFO] MostRecentlyActiveProfile: name=Profile 1 path=D:\Bhargavi V.SMART Web DotNet - Latest\V.SMART\V.SMART\bin\Debug\net9.0-windows10.0.19041.0\win10-x64\V.SMART.exe.WebView2\EBWebView\Default lastActive=2026-09-03T10:52:24.623Z
2026-09-03 10:55:39.749: [INFO] OnDoneLoading sync enabled: 0
2026-09-03 10:55:39.749: [INFO] BookmarkModelLoaded, ids_reassigned: 0
2026-09-03 10:55:39.749: [INFO] BookmarksLoadDropped droppedNodes=0
2026-09-03 10:55:39.749: [INFO] BookmarksSnapshot Startup total=0 bar=0 other=0 mobile=0 showBar=0 showBarNTP=1
2026-09-03 10:56:20.929: [INFO] BookmarksSnapshot Shutdown total=0 bar=0 other=0 mobile=0 showBar=0 showBarNTP=1
2026-09-03 10:56:47.035: [INFO] CurrentProfilePath: D:\Bhargavi V.SMART Web DotNet - Latest\V.SMART\V.SMART\bin\Debug\net9.0-windows10.0.19041.0\win10-x64\V.SMART.exe.WebView2\EBWebView\Default
2026-09-03 10:56:47.035: [INFO] Profiles total count: 1
2026-09-03 10:56:47.035: [INFO] Profile: name=Profile 1 path=D:\Bhargavi V.SMART Web DotNet - Latest\V.SMART\V.SMART\bin\Debug\net9.0-windows10.0.19041.0\win10-x64\V.SMART.exe.WebView2\EBWebView\Default lastActive=2026-09-03T10:55:50.196Z
2026-09-03 10:56:47.035: [INFO] LastUsedProfileDir: D:\Bhargavi V.SMART Web DotNet - Latest\V.SMART\V.SMART\bin\Debug\net9.0-windows10.0.19041.0\win10-x64\V.SMART.exe.WebView2\EBWebView\Default
2026-09-03 10:56:47.035: [INFO] MostRecentlyActiveProfile: name=Profile 1 path=D:\Bhargavi V.SMART Web DotNet - Latest\V.SMART\V.SMART\bin\Debug\net9.0-windows10.0.19041.0\win10-x64\V.SMART.exe.WebView2\EBWebView\Default lastActive=2026-09-03T10:55:50.196Z
2026-09-03 10:56:47.035: [INFO] OnDoneLoading sync enabled: 0
2026-09-03 10:56:47.035: [INFO] BookmarkModelLoaded, ids_reassigned: 0
2026-09-03 10:56:47.035: [INFO] BookmarksLoadDropped droppedNodes=0
2026-09-03 10:56:47.035: [INFO] BookmarksSnapshot Startup total=0 bar=0 other=0 mobile=0 showBar=0 showBarNTP=1
2026-09-03 10:58:30.954: [INFO] BookmarksSnapshot Shutdown total=0 bar=0 other=0 mobile=0 showBar=0 showBarNTP=1
2026-09-08 07:09:28.796: [INFO] CurrentProfilePath: D:\Bhargavi V.SMART Web DotNet - Latest\V.SMART\V.SMART\bin\Debug\net9.0-windows10.0.19041.0\win10-x64\V.SMART.exe.WebView2\EBWebView\Default
2026-09-08 07:09:28.796: [INFO] Profiles total count: 1
2026-09-08 07:09:28.796: [INFO] Profile: name=Profile 1 path=D:\Bhargavi V.SMART Web DotNet - Latest\V.SMART\V.SMART\bin\Debug\net9.0-windows10.0.19041.0\win10-x64\V.SMART.exe.WebView2\EBWebView\Default lastActive=2026-09-03T10:57:08.276Z
2026-09-08 07:09:28.796: [INFO] LastUsedProfileDir: D:\Bhargavi V.SMART Web DotNet - Latest\V.SMART\V.SMART\bin\Debug\net9.0-windows10.0.19041.0\win10-x64\V.SMART.exe.WebView2\EBWebView\Default
2026-09-08 07:09:28.796: [INFO] MostRecentlyActiveProfile: name=Profile 1 path=D:\Bhargavi V.SMART Web DotNet - Latest\V.SMART\V.SMART\bin\Debug\net9.0-windows10.0.19041.0\win10-x64\V.SMART.exe.WebView2\EBWebView\Default lastActive=2026-09-03T10:57:08.276Z
2026-09-08 07:09:28.796: [INFO] OnDoneLoading sync enabled: 0
2026-09-08 07:09:28.796: [INFO] BookmarkModelLoaded, ids_reassigned: 0
2026-09-08 07:09:28.796: [INFO] BookmarksLoadDropped droppedNodes=0
2026-09-08 07:09:28.796: [INFO] BookmarksSnapshot Startup total=0 bar=0 other=0 mobile=0 showBar=0 showBarNTP=1
2026-09-08 07:09:54.060: [INFO] BookmarksSnapshot Shutdown total=0 bar=0 other=0 mobile=0 showBar=0 showBarNTP=1
2026-09-08 07:10:59.796: [INFO] CurrentProfilePath: D:\Bhargavi V.SMART Web DotNet - Latest\V.SMART\V.SMART\bin\Debug\net9.0-windows10.0.19041.0\win10-x64\V.SMART.exe.WebView2\EBWebView\Default
2026-09-08 07:10:59.796: [INFO] Profiles total count: 1
2026-09-08 07:10:59.819: [INFO] Profile: name=Profile 1 path=D:\Bhargavi V.SMART Web DotNet - Latest\V.SMART\V.SMART\bin\Debug\net9.0-windows10.0.19041.0\win10-x64\V.SMART.exe.WebView2\EBWebView\Default lastActive=2026-09-08T07:09:29.409Z
2026-09-08 07:10:59.819: [INFO] LastUsedProfileDir: D:\Bhargavi V.SMART Web DotNet - Latest\V.SMART\V.SMART\bin\Debug\net9.0-windows10.0.19041.0\win10-x64\V.SMART.exe.WebView2\EBWebView\Default
2026-09-08 07:10:59.823: [INFO] MostRecentlyActiveProfile: name=Profile 1 path=D:\Bhargavi V.SMART Web DotNet - Latest\V.SMART\V.SMART\bin\Debug\net9.0-windows10.0.19041.0\win10-x64\V.SMART.exe.WebView2\EBWebView\Default lastActive=2026-09-08T07:09:29.409Z
2026-09-08 07:10:59.823: [INFO] OnDoneLoading sync enabled: 0
2026-09-08 07:10:59.823: [INFO] BookmarkModelLoaded, ids_reassigned: 0
2026-09-08 07:10:59.823: [INFO] BookmarksLoadDropped droppedNodes=0
2026-09-08 07:10:59.823: [INFO] BookmarksSnapshot Startup total=0 bar=0 other=0 mobile=0 showBar=0 showBarNTP=1
2026-09-08 07:11:54.075: [INFO] BookmarksSnapshot Shutdown total=0 bar=0 other=0 mobile=0 showBar=0 showBarNTP=1
2026-09-08 07:18:45.608: [INFO] CurrentProfilePath: D:\Bhargavi V.SMART Web DotNet - Latest\V.SMART\V.SMART\bin\Debug\net9.0-windows10.0.19041.0\win10-x64\V.SMART.exe.WebView2\EBWebView\Default
2026-09-08 07:18:45.608: [INFO] Profiles total count: 1
2026-09-08 07:18:45.608: [INFO] Profile: name=Profile 1 path=D:\Bhargavi V.SMART Web DotNet - Latest\V.SMART\V.SMART\bin\Debug\net9.0-windows10.0.19041.0\win10-x64\V.SMART.exe.WebView2\EBWebView\Default lastActive=2026-09-08T07:11:31.702Z
2026-09-08 07:18:45.608: [INFO] LastUsedProfileDir: D:\Bhargavi V.SMART Web DotNet - Latest\V.SMART\V.SMART\bin\Debug\net9.0-windows10.0.19041.0\win10-x64\V.SMART.exe.WebView2\EBWebView\Default
2026-09-08 07:18:45.608: [INFO] MostRecentlyActiveProfile: name=Profile 1 path=D:\Bhargavi V.SMART Web DotNet - Latest\V.SMART\V.SMART\bin\Debug\net9.0-windows10.0.19041.0\win10-x64\V.SMART.exe.WebView2\EBWebView\Default lastActive=2026-09-08T07:11:31.702Z
2026-09-08 07:18:45.608: [INFO] OnDoneLoading sync enabled: 0
2026-09-08 07:18:45.608: [INFO] BookmarkModelLoaded, ids_reassigned: 0
2026-09-08 07:18:45.608: [INFO] BookmarksLoadDropped droppedNodes=0
2026-09-08 07:18:45.608: [INFO] BookmarksSnapshot Startup total=0 bar=0 other=0 mobile=0 showBar=0 showBarNTP=1
2026-09-08 07:28:06.577: [INFO] BookmarksSnapshot Shutdown total=0 bar=0 other=0 mobile=0 showBar=0 showBarNTP=1
2026-09-08 07:38:44.537: [INFO] CurrentProfilePath: D:\Bhargavi V.SMART Web DotNet - Latest\V.SMART\V.SMART\bin\Debug\net9.0-windows10.0.19041.0\win10-x64\V.SMART.exe.WebView2\EBWebView\Default
2026-09-08 07:38:44.537: [INFO] Profiles total count: 1
2026-09-08 07:38:44.537: [INFO] Profile: name=Profile 1 path=D:\Bhargavi V.SMART Web DotNet - Latest\V.SMART\V.SMART\bin\Debug\net9.0-windows10.0.19041.0\win10-x64\V.SMART.exe.WebView2\EBWebView\Default lastActive=2026-09-08T07:26:57.724Z
2026-09-08 07:38:44.537: [INFO] LastUsedProfileDir: D:\Bhargavi V.SMART Web DotNet - Latest\V.SMART\V.SMART\bin\Debug\net9.0-windows10.0.19041.0\win10-x64\V.SMART.exe.WebView2\EBWebView\Default
2026-09-08 07:38:44.537: [INFO] MostRecentlyActiveProfile: name=Profile 1 path=D:\Bhargavi V.SMART Web DotNet - Latest\V.SMART\V.SMART\bin\Debug\net9.0-windows10.0.19041.0\win10-x64\V.SMART.exe.WebView2\EBWebView\Default lastActive=2026-09-08T07:26:57.724Z
2026-09-08 07:38:44.537: [INFO] OnDoneLoading sync enabled: 0
2026-09-08 07:38:44.537: [INFO] BookmarkModelLoaded, ids_reassigned: 0
2026-09-08 07:38:44.537: [INFO] BookmarksLoadDropped droppedNodes=0
2026-09-08 07:38:44.537: [INFO] BookmarksSnapshot Startup total=0 bar=0 other=0 mobile=0 showBar=0 showBarNTP=1
2026-09-08 07:45:03.306: [INFO] BookmarksSnapshot Shutdown total=0 bar=0 other=0 mobile=0 showBar=0 showBarNTP=1
2026-09-08 08:17:29.017: [INFO] CurrentProfilePath: D:\Bhargavi V.SMART Web DotNet - Latest\V.SMART\V.SMART\bin\Debug\net9.0-windows10.0.19041.0\win10-x64\V.SMART.exe.WebView2\EBWebView\Default
2026-09-08 08:17:29.017: [INFO] Profiles total count: 1
2026-09-08 08:17:29.017: [INFO] Profile: name=Profile 1 path=D:\Bhargavi V.SMART Web DotNet - Latest\V.SMART\V.SMART\bin\Debug\net9.0-windows10.0.19041.0\win10-x64\V.SMART.exe.WebView2\EBWebView\Default lastActive=2026-09-08T07:43:14.890Z
2026-09-08 08:17:29.017: [INFO] LastUsedProfileDir: D:\Bhargavi V.SMART Web DotNet - Latest\V.SMART\V.SMART\bin\Debug\net9.0-windows10.0.19041.0\win10-x64\V.SMART.exe.WebView2\EBWebView\Default
2026-09-08 08:17:29.017: [INFO] MostRecentlyActiveProfile: name=Profile 1 path=D:\Bhargavi V.SMART Web DotNet - Latest\V.SMART\V.SMART\bin\Debug\net9.0-windows10.0.19041.0\win10-x64\V.SMART.exe.WebView2\EBWebView\Default lastActive=2026-09-08T07:43:14.890Z
2026-09-08 08:17:29.017: [INFO] OnDoneLoading sync enabled: 0
2026-09-08 08:17:29.017: [INFO] BookmarkModelLoaded, ids_reassigned: 0
2026-09-08 08:17:29.017: [INFO] BookmarksLoadDropped droppedNodes=0
2026-09-08 08:17:29.017: [INFO] BookmarksSnapshot Startup total=0 bar=0 other=0 mobile=0 showBar=0 showBarNTP=1
2026-09-08 08:22:43.181: [INFO] BookmarksSnapshot Shutdown total=0 bar=0 other=0 mobile=0 showBar=0 showBarNTP=1
2026-09-08 08:40:33.656: [INFO] CurrentProfilePath: D:\Bhargavi V.SMART Web DotNet - Latest\V.SMART\V.SMART\bin\Debug\net9.0-windows10.0.19041.0\win10-x64\V.SMART.exe.WebView2\EBWebView\Default
2026-09-08 08:40:33.656: [INFO] Profiles total count: 1
2026-09-08 08:40:33.656: [INFO] Profile: name=Profile 1 path=D:\Bhargavi V.SMART Web DotNet - Latest\V.SMART\V.SMART\bin\Debug\net9.0-windows10.0.19041.0\win10-x64\V.SMART.exe.WebView2\EBWebView\Default lastActive=2026-09-08T08:21:50.309Z
2026-09-08 08:40:33.656: [INFO] LastUsedProfileDir: D:\Bhargavi V.SMART Web DotNet - Latest\V.SMART\V.SMART\bin\Debug\net9.0-windows10.0.19041.0\win10-x64\V.SMART.exe.WebView2\EBWebView\Default
2026-09-08 08:40:33.656: [INFO] MostRecentlyActiveProfile: name=Profile 1 path=D:\Bhargavi V.SMART Web DotNet - Latest\V.SMART\V.SMART\bin\Debug\net9.0-windows10.0.19041.0\win10-x64\V.SMART.exe.WebView2\EBWebView\Default lastActive=2026-09-08T08:21:50.309Z
2026-09-08 08:40:33.656: [INFO] OnDoneLoading sync enabled: 0
2026-09-08 08:40:33.656: [INFO] BookmarkModelLoaded, ids_reassigned: 0
2026-09-08 08:40:33.656: [INFO] BookmarksLoadDropped droppedNodes=0
2026-09-08 08:40:33.656: [INFO] BookmarksSnapshot Startup total=0 bar=0 other=0 mobile=0 showBar=0 showBarNTP=1
2026-09-08 08:43:27.884: [INFO] BookmarksSnapshot Shutdown total=0 bar=0 other=0 mobile=0 showBar=0 showBarNTP=1
2026-09-08 08:47:33.866: [INFO] CurrentProfilePath: D:\Bhargavi V.SMART Web DotNet - Latest\V.SMART\V.SMART\bin\Debug\net9.0-windows10.0.19041.0\win10-x64\V.SMART.exe.WebView2\EBWebView\Default
2026-09-08 08:47:33.866: [INFO] Profiles total count: 1
2026-09-08 08:47:33.866: [INFO] Profile: name=Profile 1 path=D:\Bhargavi V.SMART Web DotNet - Latest\V.SMART\V.SMART\bin\Debug\net9.0-windows10.0.19041.0\win10-x64\V.SMART.exe.WebView2\EBWebView\Default lastActive=2026-09-08T08:40:34.523Z
2026-09-08 08:47:33.866: [INFO] LastUsedProfileDir: D:\Bhargavi V.SMART Web DotNet - Latest\V.SMART\V.SMART\bin\Debug\net9.0-windows10.0.19041.0\win10-x64\V.SMART.exe.WebView2\EBWebView\Default
2026-09-08 08:47:33.866: [INFO] MostRecentlyActiveProfile: name=Profile 1 path=D:\Bhargavi V.SMART Web DotNet - Latest\V.SMART\V.SMART\bin\Debug\net9.0-windows10.0.19041.0\win10-x64\V.SMART.exe.WebView2\EBWebView\Default lastActive=2026-09-08T08:40:34.523Z
2026-09-08 08:47:33.866: [INFO] OnDoneLoading sync enabled: 0
2026-09-08 08:47:33.866: [INFO] BookmarkModelLoaded, ids_reassigned: 0
2026-09-08 08:47:33.866: [INFO] BookmarksLoadDropped droppedNodes=0
2026-09-08 08:47:33.866: [INFO] BookmarksSnapshot Startup total=0 bar=0 other=0 mobile=0 showBar=0 showBarNTP=1
2026-09-08 08:49:23.647: [INFO] BookmarksSnapshot Shutdown total=0 bar=0 other=0 mobile=0 showBar=0 showBarNTP=1
2026-09-08 09:59:09.449: [INFO] CurrentProfilePath: D:\Bhargavi V.SMART Web DotNet - Latest\V.SMART\V.SMART\bin\Debug\net9.0-windows10.0.19041.0\win10-x64\V.SMART.exe.WebView2\EBWebView\Default
2026-09-08 09:59:09.449: [INFO] Profiles total count: 1
2026-09-08 09:59:09.450: [INFO] Profile: name=Profile 1 path=D:\Bhargavi V.SMART Web DotNet - Latest\V.SMART\V.SMART\bin\Debug\net9.0-windows10.0.19041.0\win10-x64\V.SMART.exe.WebView2\EBWebView\Default lastActive=2026-09-08T08:48:38.435Z
2026-09-08 09:59:09.450: [INFO] LastUsedProfileDir: D:\Bhargavi V.SMART Web DotNet - Latest\V.SMART\V.SMART\bin\Debug\net9.0-windows10.0.19041.0\win10-x64\V.SMART.exe.WebView2\EBWebView\Default
2026-09-08 09:59:09.450: [INFO] MostRecentlyActiveProfile: name=Profile 1 path=D:\Bhargavi V.SMART Web DotNet - Latest\V.SMART\V.SMART\bin\Debug\net9.0-windows10.0.19041.0\win10-x64\V.SMART.exe.WebView2\EBWebView\Default lastActive=2026-09-08T08:48:38.435Z
2026-09-08 09:59:09.450: [INFO] OnDoneLoading sync enabled: 0
2026-09-08 09:59:09.450: [INFO] BookmarkModelLoaded, ids_reassigned: 0
2026-09-08 09:59:09.450: [INFO] BookmarksLoadDropped droppedNodes=0
2026-09-08 09:59:09.450: [INFO] BookmarksSnapshot Startup total=0 bar=0 other=0 mobile=0 showBar=0 showBarNTP=1
2026-09-08 10:00:11.030: [INFO] BookmarksSnapshot Shutdown total=0 bar=0 other=0 mobile=0 showBar=0 showBarNTP=1
2026-09-08 10:00:22.557: [INFO] CurrentProfilePath: D:\Bhargavi V.SMART Web DotNet - Latest\V.SMART\V.SMART\bin\Debug\net9.0-windows10.0.19041.0\win10-x64\V.SMART.exe.WebView2\EBWebView\Default
2026-09-08 10:00:22.557: [INFO] Profiles total count: 1
2026-09-08 10:00:22.557: [INFO] Profile: name=Profile 1 path=D:\Bhargavi V.SMART Web DotNet - Latest\V.SMART\V.SMART\bin\Debug\net9.0-windows10.0.19041.0\win10-x64\V.SMART.exe.WebView2\EBWebView\Default lastActive=2026-09-08T09:59:59.918Z
2026-09-08 10:00:22.557: [INFO] LastUsedProfileDir: D:\Bhargavi V.SMART Web DotNet - Latest\V.SMART\V.SMART\bin\Debug\net9.0-windows10.0.19041.0\win10-x64\V.SMART.exe.WebView2\EBWebView\Default
2026-09-08 10:00:22.557: [INFO] MostRecentlyActiveProfile: name=Profile 1 path=D:\Bhargavi V.SMART Web DotNet - Latest\V.SMART\V.SMART\bin\Debug\net9.0-windows10.0.19041.0\win10-x64\V.SMART.exe.WebView2\EBWebView\Default lastActive=2026-09-08T09:59:59.918Z
2026-09-08 10:00:22.557: [INFO] OnDoneLoading sync enabled: 0
2026-09-08 10:00:22.557: [INFO] BookmarkModelLoaded, ids_reassigned: 0
2026-09-08 10:00:22.557: [INFO] BookmarksLoadDropped droppedNodes=0
2026-09-08 10:00:22.557: [INFO] BookmarksSnapshot Startup total=0 bar=0 other=0 mobile=0 showBar=0 showBarNTP=1
2026-09-08 10:04:26.305: [INFO] BookmarksSnapshot Shutdown total=0 bar=0 other=0 mobile=0 showBar=0 showBarNTP=1
2026-09-08 10:10:25.521: [INFO] CurrentProfilePath: D:\Bhargavi V.SMART Web DotNet - Latest\V.SMART\V.SMART\bin\Debug\net9.0-windows10.0.19041.0\win10-x64\V.SMART.exe.WebView2\EBWebView\Default
2026-09-08 10:10:25.521: [INFO] Profiles total count: 1
2026-09-08 10:10:25.521: [INFO] Profile: name=Profile 1 path=D:\Bhargavi V.SMART Web DotNet - Latest\V.SMART\V.SMART\bin\Debug\net9.0-windows10.0.19041.0\win10-x64\V.SMART.exe.WebView2\EBWebView\Default lastActive=2026-09-08T10:04:25.525Z
2026-09-08 10:10:25.521: [INFO] LastUsedProfileDir: D:\Bhargavi V.SMART Web DotNet - Latest\V.SMART\V.SMART\bin\Debug\net9.0-windows10.0.19041.0\win10-x64\V.SMART.exe.WebView2\EBWebView\Default
2026-09-08 10:10:25.521: [INFO] MostRecentlyActiveProfile: name=Profile 1 path=D:\Bhargavi V.SMART Web DotNet - Latest\V.SMART\V.SMART\bin\Debug\net9.0-windows10.0.19041.0\win10-x64\V.SMART.exe.WebView2\EBWebView\Default lastActive=2026-09-08T10:04:25.525Z
2026-09-08 10:10:25.521: [INFO] OnDoneLoading sync enabled: 0
2026-09-08 10:10:25.521: [INFO] BookmarkModelLoaded, ids_reassigned: 0
2026-09-08 10:10:25.521: [INFO] BookmarksLoadDropped droppedNodes=0
2026-09-08 10:10:25.521: [INFO] BookmarksSnapshot Startup total=0 bar=0 other=0 mobile=0 showBar=0 showBarNTP=1
2026-09-08 10:11:51.986: [INFO] BookmarksSnapshot Shutdown total=0 bar=0 other=0 mobile=0 showBar=0 showBarNTP=1
2026-09-08 10:12:20.893: [INFO] CurrentProfilePath: D:\Bhargavi V.SMART Web DotNet - Latest\V.SMART\V.SMART\bin\Debug\net9.0-windows10.0.19041.0\win10-x64\V.SMART.exe.WebView2\EBWebView\Default
2026-09-08 10:12:20.893: [INFO] Profiles total count: 1
2026-09-08 10:12:20.893: [INFO] Profile: name=Profile 1 path=D:\Bhargavi V.SMART Web DotNet - Latest\V.SMART\V.SMART\bin\Debug\net9.0-windows10.0.19041.0\win10-x64\V.SMART.exe.WebView2\EBWebView\Default lastActive=2026-09-08T10:11:47.749Z
2026-09-08 10:12:20.893: [INFO] LastUsedProfileDir: D:\Bhargavi V.SMART Web DotNet - Latest\V.SMART\V.SMART\bin\Debug\net9.0-windows10.0.19041.0\win10-x64\V.SMART.exe.WebView2\EBWebView\Default
2026-09-08 10:12:20.893: [INFO] MostRecentlyActiveProfile: name=Profile 1 path=D:\Bhargavi V.SMART Web DotNet - Latest\V.SMART\V.SMART\bin\Debug\net9.0-windows10.0.19041.0\win10-x64\V.SMART.exe.WebView2\EBWebView\Default lastActive=2026-09-08T10:11:47.749Z
2026-09-08 10:12:20.893: [INFO] OnDoneLoading sync enabled: 0
2026-09-08 10:12:20.893: [INFO] BookmarkModelLoaded, ids_reassigned: 0
2026-09-08 10:12:20.893: [INFO] BookmarksLoadDropped droppedNodes=0
2026-09-08 10:12:20.893: [INFO] BookmarksSnapshot Startup total=0 bar=0 other=0 mobile=0 showBar=0 showBarNTP=1
2026-09-08 10:13:43.572: [INFO] BookmarksSnapshot Shutdown total=0 bar=0 other=0 mobile=0 showBar=0 showBarNTP=1
2026-09-08 10:18:36.316: [INFO] CurrentProfilePath: D:\Bhargavi V.SMART Web DotNet - Latest\V.SMART\V.SMART\bin\Debug\net9.0-windows10.0.19041.0\win10-x64\V.SMART.exe.WebView2\EBWebView\Default
2026-09-08 10:18:36.316: [INFO] Profiles total count: 1
2026-09-08 10:18:36.316: [INFO] Profile: name=Profile 1 path=D:\Bhargavi V.SMART Web DotNet - Latest\V.SMART\V.SMART\bin\Debug\net9.0-windows10.0.19041.0\win10-x64\V.SMART.exe.WebView2\EBWebView\Default lastActive=2026-09-08T10:13:00.797Z
2026-09-08 10:18:36.316: [INFO] LastUsedProfileDir: D:\Bhargavi V.SMART Web DotNet - Latest\V.SMART\V.SMART\bin\Debug\net9.0-windows10.0.19041.0\win10-x64\V.SMART.exe.WebView2\EBWebView\Default
2026-09-08 10:18:36.316: [INFO] MostRecentlyActiveProfile: name=Profile 1 path=D:\Bhargavi V.SMART Web DotNet - Latest\V.SMART\V.SMART\bin\Debug\net9.0-windows10.0.19041.0\win10-x64\V.SMART.exe.WebView2\EBWebView\Default lastActive=2026-09-08T10:13:00.797Z
2026-09-08 10:18:36.316: [INFO] OnDoneLoading sync enabled: 0
2026-09-08 10:18:36.316: [INFO] BookmarkModelLoaded, ids_reassigned: 0
2026-09-08 10:18:36.316: [INFO] BookmarksLoadDropped droppedNodes=0
2026-09-08 10:18:36.316: [INFO] BookmarksSnapshot Startup total=0 bar=0 other=0 mobile=0 showBar=0 showBarNTP=1
2026-09-08 10:20:00.042: [INFO] BookmarksSnapshot Shutdown total=0 bar=0 other=0 mobile=0 showBar=0 showBarNTP=1
2026-09-08 10:30:38.853: [INFO] CurrentProfilePath: D:\Bhargavi V.SMART Web DotNet - Latest\V.SMART\V.SMART\bin\Debug\net9.0-windows10.0.19041.0\win10-x64\V.SMART.exe.WebView2\EBWebView\Default
2026-09-08 10:30:38.853: [INFO] Profiles total count: 1
2026-09-08 10:30:38.853: [INFO] Profile: name=Profile 1 path=D:\Bhargavi V.SMART Web DotNet - Latest\V.SMART\V.SMART\bin\Debug\net9.0-windows10.0.19041.0\win10-x64\V.SMART.exe.WebView2\EBWebView\Default lastActive=2026-09-08T10:19:14.264Z
2026-09-08 10:30:38.853: [INFO] LastUsedProfileDir: D:\Bhargavi V.SMART Web DotNet - Latest\V.SMART\V.SMART\bin\Debug\net9.0-windows10.0.19041.0\win10-x64\V.SMART.exe.WebView2\EBWebView\Default
2026-09-08 10:30:38.853: [INFO] MostRecentlyActiveProfile: name=Profile 1 path=D:\Bhargavi V.SMART Web DotNet - Latest\V.SMART\V.SMART\bin\Debug\net9.0-windows10.0.19041.0\win10-x64\V.SMART.exe.WebView2\EBWebView\Default lastActive=2026-09-08T10:19:14.264Z
2026-09-08 10:30:38.853: [INFO] OnDoneLoading sync enabled: 0
2026-09-08 10:30:38.853: [INFO] BookmarkModelLoaded, ids_reassigned: 0
2026-09-08 10:30:38.853: [INFO] BookmarksLoadDropped droppedNodes=0
2026-09-08 10:30:38.853: [INFO] BookmarksSnapshot Startup total=0 bar=0 other=0 mobile=0 showBar=0 showBarNTP=1
2026-09-08 10:32:28.053: [INFO] BookmarksSnapshot Shutdown total=0 bar=0 other=0 mobile=0 showBar=0 showBarNTP=1
2026-09-08 11:05:16.767: [INFO] CurrentProfilePath: D:\Bhargavi V.SMART Web DotNet - Latest\V.SMART\V.SMART\bin\Debug\net9.0-windows10.0.19041.0\win10-x64\V.SMART.exe.WebView2\EBWebView\Default
2026-09-08 11:05:16.767: [INFO] Profiles total count: 1
2026-09-08 11:05:16.767: [INFO] Profile: name=Profile 1 path=D:\Bhargavi V.SMART Web DotNet - Latest\V.SMART\V.SMART\bin\Debug\net9.0-windows10.0.19041.0\win10-x64\V.SMART.exe.WebView2\EBWebView\Default lastActive=2026-09-08T10:31:57.524Z
2026-09-08 11:05:16.767: [INFO] LastUsedProfileDir: D:\Bhargavi V.SMART Web DotNet - Latest\V.SMART\V.SMART\bin\Debug\net9.0-windows10.0.19041.0\win10-x64\V.SMART.exe.WebView2\EBWebView\Default
2026-09-08 11:05:16.767: [INFO] MostRecentlyActiveProfile: name=Profile 1 path=D:\Bhargavi V.SMART Web DotNet - Latest\V.SMART\V.SMART\bin\Debug\net9.0-windows10.0.19041.0\win10-x64\V.SMART.exe.WebView2\EBWebView\Default lastActive=2026-09-08T10:31:57.524Z
2026-09-08 11:05:16.767: [INFO] OnDoneLoading sync enabled: 0
2026-09-08 11:05:16.767: [INFO] BookmarkModelLoaded, ids_reassigned: 0
2026-09-08 11:05:16.767: [INFO] BookmarksLoadDropped droppedNodes=0
2026-09-08 11:05:16.767: [INFO] BookmarksSnapshot Startup total=0 bar=0 other=0 mobile=0 showBar=0 showBarNTP=1
2026-09-08 11:13:00.635: [INFO] BookmarksSnapshot Shutdown total=0 bar=0 other=0 mobile=0 showBar=0 showBarNTP=1
2026-09-08 11:24:24.981: [INFO] CurrentProfilePath: D:\Bhargavi V.SMART Web DotNet - Latest\V.SMART\V.SMART\bin\Debug\net9.0-windows10.0.19041.0\win10-x64\V.SMART.exe.WebView2\EBWebView\Default
2026-09-08 11:24:24.981: [INFO] Profiles total count: 1
2026-09-08 11:24:24.981: [INFO] Profile: name=Profile 1 path=D:\Bhargavi V.SMART Web DotNet - Latest\V.SMART\V.SMART\bin\Debug\net9.0-windows10.0.19041.0\win10-x64\V.SMART.exe.WebView2\EBWebView\Default lastActive=2026-09-08T11:07:14.913Z
2026-09-08 11:24:24.981: [INFO] LastUsedProfileDir: D:\Bhargavi V.SMART Web DotNet - Latest\V.SMART\V.SMART\bin\Debug\net9.0-windows10.0.19041.0\win10-x64\V.SMART.exe.WebView2\EBWebView\Default
2026-09-08 11:24:24.981: [INFO] MostRecentlyActiveProfile: name=Profile 1 path=D:\Bhargavi V.SMART Web DotNet - Latest\V.SMART\V.SMART\bin\Debug\net9.0-windows10.0.19041.0\win10-x64\V.SMART.exe.WebView2\EBWebView\Default lastActive=2026-09-08T11:07:14.913Z
2026-09-08 11:24:24.981: [INFO] OnDoneLoading sync enabled: 0
2026-09-08 11:24:24.981: [INFO] BookmarkModelLoaded, ids_reassigned: 0
2026-09-08 11:24:24.981: [INFO] BookmarksLoadDropped droppedNodes=0
2026-09-08 11:24:24.981: [INFO] BookmarksSnapshot Startup total=0 bar=0 other=0 mobile=0 showBar=0 showBarNTP=1
2026-09-08 11:29:51.944: [INFO] BookmarksSnapshot Shutdown total=0 bar=0 other=0 mobile=0 showBar=0 showBarNTP=1
2026-09-08 11:43:38.318: [INFO] CurrentProfilePath: D:\Bhargavi V.SMART Web DotNet - Latest\V.SMART\V.SMART\bin\Debug\net9.0-windows10.0.19041.0\win10-x64\V.SMART.exe.WebView2\EBWebView\Default
2026-09-08 11:43:38.318: [INFO] Profiles total count: 1
2026-09-08 11:43:38.318: [INFO] Profile: name=Profile 1 path=D:\Bhargavi V.SMART Web DotNet - Latest\V.SMART\V.SMART\bin\Debug\net9.0-windows10.0.19041.0\win10-x64\V.SMART.exe.WebView2\EBWebView\Default lastActive=2026-09-08T11:28:30.335Z
2026-09-08 11:43:38.318: [INFO] LastUsedProfileDir: D:\Bhargavi V.SMART Web DotNet - Latest\V.SMART\V.SMART\bin\Debug\net9.0-windows10.0.19041.0\win10-x64\V.SMART.exe.WebView2\EBWebView\Default
2026-09-08 11:43:38.318: [INFO] MostRecentlyActiveProfile: name=Profile 1 path=D:\Bhargavi V.SMART Web DotNet - Latest\V.SMART\V.SMART\bin\Debug\net9.0-windows10.0.19041.0\win10-x64\V.SMART.exe.WebView2\EBWebView\Default lastActive=2026-09-08T11:28:30.335Z
2026-09-08 11:43:38.318: [INFO] OnDoneLoading sync enabled: 0
2026-09-08 11:43:38.318: [INFO] BookmarkModelLoaded, ids_reassigned: 0
2026-09-08 11:43:38.318: [INFO] BookmarksLoadDropped droppedNodes=0
2026-09-08 11:43:38.318: [INFO] BookmarksSnapshot Startup total=0 bar=0 other=0 mobile=0 showBar=0 showBarNTP=1
2026-09-08 11:53:43.297: [INFO] BookmarksSnapshot Shutdown total=0 bar=0 other=0 mobile=0 showBar=0 showBarNTP=1
2026-09-08 11:58:46.039: [INFO] CurrentProfilePath: D:\Bhargavi V.SMART Web DotNet - Latest\V.SMART\V.SMART\bin\Debug\net9.0-windows10.0.19041.0\win10-x64\V.SMART.exe.WebView2\EBWebView\Default
2026-09-08 11:58:46.039: [INFO] Profiles total count: 1
2026-09-08 11:58:46.039: [INFO] Profile: name=Profile 1 path=D:\Bhargavi V.SMART Web DotNet - Latest\V.SMART\V.SMART\bin\Debug\net9.0-windows10.0.19041.0\win10-x64\V.SMART.exe.WebView2\EBWebView\Default lastActive=2026-09-08T11:45:54.848Z
2026-09-08 11:58:46.039: [INFO] LastUsedProfileDir: D:\Bhargavi V.SMART Web DotNet - Latest\V.SMART\V.SMART\bin\Debug\net9.0-windows10.0.19041.0\win10-x64\V.SMART.exe.WebView2\EBWebView\Default
2026-09-08 11:58:46.039: [INFO] MostRecentlyActiveProfile: name=Profile 1 path=D:\Bhargavi V.SMART Web DotNet - Latest\V.SMART\V.SMART\bin\Debug\net9.0-windows10.0.19041.0\win10-x64\V.SMART.exe.WebView2\EBWebView\Default lastActive=2026-09-08T11:45:54.848Z
2026-09-08 11:58:46.039: [INFO] OnDoneLoading sync enabled: 0
2026-09-08 11:58:46.039: [INFO] BookmarkModelLoaded, ids_reassigned: 0
2026-09-08 11:58:46.039: [INFO] BookmarksLoadDropped droppedNodes=0
2026-09-08 11:58:46.039: [INFO] BookmarksSnapshot Startup total=0 bar=0 other=0 mobile=0 showBar=0 showBarNTP=1
2026-09-08 12:05:08.007: [INFO] BookmarksSnapshot Shutdown total=0 bar=0 other=0 mobile=0 showBar=0 showBarNTP=1
2026-09-08 12:17:22.446: [INFO] CurrentProfilePath: D:\Bhargavi V.SMART Web DotNet - Latest\V.SMART\V.SMART\bin\Debug\net9.0-windows10.0.19041.0\win10-x64\V.SMART.exe.WebView2\EBWebView\Default
2026-09-08 12:17:22.446: [INFO] Profiles total count: 1
2026-09-08 12:17:22.446: [INFO] Profile: name=Profile 1 path=D:\Bhargavi V.SMART Web DotNet - Latest\V.SMART\V.SMART\bin\Debug\net9.0-windows10.0.19041.0\win10-x64\V.SMART.exe.WebView2\EBWebView\Default lastActive=2026-09-08T11:59:29.414Z
2026-09-08 12:17:22.446: [INFO] LastUsedProfileDir: D:\Bhargavi V.SMART Web DotNet - Latest\V.SMART\V.SMART\bin\Debug\net9.0-windows10.0.19041.0\win10-x64\V.SMART.exe.WebView2\EBWebView\Default
2026-09-08 12:17:22.446: [INFO] MostRecentlyActiveProfile: name=Profile 1 path=D:\Bhargavi V.SMART Web DotNet - Latest\V.SMART\V.SMART\bin\Debug\net9.0-windows10.0.19041.0\win10-x64\V.SMART.exe.WebView2\EBWebView\Default lastActive=2026-09-08T11:59:29.414Z
2026-09-08 12:17:22.446: [INFO] OnDoneLoading sync enabled: 0
2026-09-08 12:17:22.446: [INFO] BookmarkModelLoaded, ids_reassigned: 0
2026-09-08 12:17:22.446: [INFO] BookmarksLoadDropped droppedNodes=0
2026-09-08 12:17:22.446: [INFO] BookmarksSnapshot Startup total=0 bar=0 other=0 mobile=0 showBar=0 showBarNTP=1
2026-09-08 12:18:13.943: [INFO] BookmarksSnapshot Shutdown total=0 bar=0 other=0 mobile=0 showBar=0 showBarNTP=1
2026-09-08 12:24:58.597: [INFO] CurrentProfilePath: D:\Bhargavi V.SMART Web DotNet - Latest\V.SMART\V.SMART\bin\Debug\net9.0-windows10.0.19041.0\win10-x64\V.SMART.exe.WebView2\EBWebView\Default
2026-09-08 12:24:58.597: [INFO] Profiles total count: 1
2026-09-08 12:24:58.597: [INFO] Profile: name=Profile 1 path=D:\Bhargavi V.SMART Web DotNet - Latest\V.SMART\V.SMART\bin\Debug\net9.0-windows10.0.19041.0\win10-x64\V.SMART.exe.WebView2\EBWebView\Default lastActive=2026-09-08T12:17:22.945Z
2026-09-08 12:24:58.597: [INFO] LastUsedProfileDir: D:\Bhargavi V.SMART Web DotNet - Latest\V.SMART\V.SMART\bin\Debug\net9.0-windows10.0.19041.0\win10-x64\V.SMART.exe.WebView2\EBWebView\Default
2026-09-08 12:24:58.597: [INFO] MostRecentlyActiveProfile: name=Profile 1 path=D:\Bhargavi V.SMART Web DotNet - Latest\V.SMART\V.SMART\bin\Debug\net9.0-windows10.0.19041.0\win10-x64\V.SMART.exe.WebView2\EBWebView\Default lastActive=2026-09-08T12:17:22.945Z
2026-09-08 12:24:58.597: [INFO] OnDoneLoading sync enabled: 0
2026-09-08 12:24:58.597: [INFO] BookmarkModelLoaded, ids_reassigned: 0
2026-09-08 12:24:58.597: [INFO] BookmarksLoadDropped droppedNodes=0
2026-09-08 12:24:58.597: [INFO] BookmarksSnapshot Startup total=0 bar=0 other=0 mobile=0 showBar=0 showBarNTP=1
2026-09-08 12:29:11.785: [INFO] BookmarksSnapshot Shutdown total=0 bar=0 other=0 mobile=0 showBar=0 showBarNTP=1
2026-09-08 12:45:13.117: [INFO] CurrentProfilePath: D:\Bhargavi V.SMART Web DotNet - Latest\V.SMART\V.SMART\bin\Debug\net9.0-windows10.0.19041.0\win10-x64\V.SMART.exe.WebView2\EBWebView\Default
2026-09-08 12:45:13.117: [INFO] Profiles total count: 1
2026-09-08 12:45:13.117: [INFO] Profile: name=Profile 1 path=D:\Bhargavi V.SMART Web DotNet - Latest\V.SMART\V.SMART\bin\Debug\net9.0-windows10.0.19041.0\win10-x64\V.SMART.exe.WebView2\EBWebView\Default lastActive=2026-09-08T12:27:58.010Z
2026-09-08 12:45:13.117: [INFO] LastUsedProfileDir: D:\Bhargavi V.SMART Web DotNet - Latest\V.SMART\V.SMART\bin\Debug\net9.0-windows10.0.19041.0\win10-x64\V.SMART.exe.WebView2\EBWebView\Default
2026-09-08 12:45:13.117: [INFO] MostRecentlyActiveProfile: name=Profile 1 path=D:\Bhargavi V.SMART Web DotNet - Latest\V.SMART\V.SMART\bin\Debug\net9.0-windows10.0.19041.0\win10-x64\V.SMART.exe.WebView2\EBWebView\Default lastActive=2026-09-08T12:27:58.010Z
2026-09-08 12:45:13.117: [INFO] OnDoneLoading sync enabled: 0
2026-09-08 12:45:13.117: [INFO] BookmarkModelLoaded, ids_reassigned: 0
2026-09-08 12:45:13.117: [INFO] BookmarksLoadDropped droppedNodes=0
2026-09-08 12:45:13.117: [INFO] BookmarksSnapshot Startup total=0 bar=0 other=0 mobile=0 showBar=0 showBarNTP=1
2026-09-08 12:46:00.693: [INFO] BookmarksSnapshot Shutdown total=0 bar=0 other=0 mobile=0 showBar=0 showBarNTP=1
2026-09-08 12:52:01.201: [INFO] CurrentProfilePath: D:\Bhargavi V.SMART Web DotNet - Latest\V.SMART\V.SMART\bin\Debug\net9.0-windows10.0.19041.0\win10-x64\V.SMART.exe.WebView2\EBWebView\Default
2026-09-08 12:52:01.201: [INFO] Profiles total count: 1
2026-09-08 12:52:01.201: [INFO] Profile: name=Profile 1 path=D:\Bhargavi V.SMART Web DotNet - Latest\V.SMART\V.SMART\bin\Debug\net9.0-windows10.0.19041.0\win10-x64\V.SMART.exe.WebView2\EBWebView\Default lastActive=2026-09-08T12:45:57.215Z
2026-09-08 12:52:01.201: [INFO] LastUsedProfileDir: D:\Bhargavi V.SMART Web DotNet - Latest\V.SMART\V.SMART\bin\Debug\net9.0-windows10.0.19041.0\win10-x64\V.SMART.exe.WebView2\EBWebView\Default
2026-09-08 12:52:01.201: [INFO] MostRecentlyActiveProfile: name=Profile 1 path=D:\Bhargavi V.SMART Web DotNet - Latest\V.SMART\V.SMART\bin\Debug\net9.0-windows10.0.19041.0\win10-x64\V.SMART.exe.WebView2\EBWebView\Default lastActive=2026-09-08T12:45:57.215Z
2026-09-08 12:52:01.201: [INFO] OnDoneLoading sync enabled: 0
2026-09-08 12:52:01.201: [INFO] BookmarkModelLoaded, ids_reassigned: 0
2026-09-08 12:52:01.201: [INFO] BookmarksLoadDropped droppedNodes=0
2026-09-08 12:52:01.201: [INFO] BookmarksSnapshot Startup total=0 bar=0 other=0 mobile=0 showBar=0 showBarNTP=1
2026-09-08 12:54:25.296: [INFO] BookmarksSnapshot Shutdown total=0 bar=0 other=0 mobile=0 showBar=0 showBarNTP=1
2026-09-08 13:04:35.862: [INFO] CurrentProfilePath: D:\Bhargavi V.SMART Web DotNet - Latest\V.SMART\V.SMART\bin\Debug\net9.0-windows10.0.19041.0\win10-x64\V.SMART.exe.WebView2\EBWebView\Default
2026-09-08 13:04:35.862: [INFO] Profiles total count: 1
2026-09-08 13:04:35.862: [INFO] Profile: name=Profile 1 path=D:\Bhargavi V.SMART Web DotNet - Latest\V.SMART\V.SMART\bin\Debug\net9.0-windows10.0.19041.0\win10-x64\V.SMART.exe.WebView2\EBWebView\Default lastActive=2026-09-08T12:53:14.956Z
2026-09-08 13:04:35.862: [INFO] LastUsedProfileDir: D:\Bhargavi V.SMART Web DotNet - Latest\V.SMART\V.SMART\bin\Debug\net9.0-windows10.0.19041.0\win10-x64\V.SMART.exe.WebView2\EBWebView\Default
2026-09-08 13:04:35.862: [INFO] MostRecentlyActiveProfile: name=Profile 1 path=D:\Bhargavi V.SMART Web DotNet - Latest\V.SMART\V.SMART\bin\Debug\net9.0-windows10.0.19041.0\win10-x64\V.SMART.exe.WebView2\EBWebView\Default lastActive=2026-09-08T12:53:14.956Z
2026-09-08 13:04:35.862: [INFO] OnDoneLoading sync enabled: 0
2026-09-08 13:04:35.862: [INFO] BookmarkModelLoaded, ids_reassigned: 0
2026-09-08 13:04:35.862: [INFO] BookmarksLoadDropped droppedNodes=0
2026-09-08 13:04:35.862: [INFO] BookmarksSnapshot Startup total=0 bar=0 other=0 mobile=0 showBar=0 showBarNTP=1
2026-09-08 13:05:46.855: [INFO] BookmarksSnapshot Shutdown total=0 bar=0 other=0 mobile=0 showBar=0 showBarNTP=1
2026-09-08 13:10:54.506: [INFO] CurrentProfilePath: D:\Bhargavi V.SMART Web DotNet - Latest\V.SMART\V.SMART\bin\Debug\net9.0-windows10.0.19041.0\win10-x64\V.SMART.exe.WebView2\EBWebView\Default
2026-09-08 13:10:54.506: [INFO] Profiles total count: 1
2026-09-08 13:10:54.506: [INFO] Profile: name=Profile 1 path=D:\Bhargavi V.SMART Web DotNet - Latest\V.SMART\V.SMART\bin\Debug\net9.0-windows10.0.19041.0\win10-x64\V.SMART.exe.WebView2\EBWebView\Default lastActive=2026-09-08T13:05:20.604Z
2026-09-08 13:10:54.506: [INFO] LastUsedProfileDir: D:\Bhargavi V.SMART Web DotNet - Latest\V.SMART\V.SMART\bin\Debug\net9.0-windows10.0.19041.0\win10-x64\V.SMART.exe.WebView2\EBWebView\Default
2026-09-08 13:10:54.506: [INFO] MostRecentlyActiveProfile: name=Profile 1 path=D:\Bhargavi V.SMART Web DotNet - Latest\V.SMART\V.SMART\bin\Debug\net9.0-windows10.0.19041.0\win10-x64\V.SMART.exe.WebView2\EBWebView\Default lastActive=2026-09-08T13:05:20.604Z
2026-09-08 13:10:54.506: [INFO] OnDoneLoading sync enabled: 0
2026-09-08 13:10:54.506: [INFO] BookmarkModelLoaded, ids_reassigned: 0
2026-09-08 13:10:54.506: [INFO] BookmarksLoadDropped droppedNodes=0
2026-09-08 13:10:54.506: [INFO] BookmarksSnapshot Startup total=0 bar=0 other=0 mobile=0 showBar=0 showBarNTP=1
2026-09-08 13:14:55.503: [INFO] BookmarksSnapshot Shutdown total=0 bar=0 other=0 mobile=0 showBar=0 showBarNTP=1
2026-09-09 04:08:06.381: [INFO] CurrentProfilePath: D:\Bhargavi V.SMART Web DotNet - Latest\V.SMART\V.SMART\bin\Debug\net9.0-windows10.0.19041.0\win10-x64\V.SMART.exe.WebView2\EBWebView\Default
2026-09-09 04:08:06.381: [INFO] Profiles total count: 1
2026-09-09 04:08:06.381: [INFO] Profile: name=Profile 1 path=D:\Bhargavi V.SMART Web DotNet - Latest\V.SMART\V.SMART\bin\Debug\net9.0-windows10.0.19041.0\win10-x64\V.SMART.exe.WebView2\EBWebView\Default lastActive=2026-09-08T13:12:03.737Z
2026-09-09 04:08:06.381: [INFO] LastUsedProfileDir: D:\Bhargavi V.SMART Web DotNet - Latest\V.SMART\V.SMART\bin\Debug\net9.0-windows10.0.19041.0\win10-x64\V.SMART.exe.WebView2\EBWebView\Default
2026-09-09 04:08:06.381: [INFO] MostRecentlyActiveProfile: name=Profile 1 path=D:\Bhargavi V.SMART Web DotNet - Latest\V.SMART\V.SMART\bin\Debug\net9.0-windows10.0.19041.0\win10-x64\V.SMART.exe.WebView2\EBWebView\Default lastActive=2026-09-08T13:12:03.737Z
2026-09-09 04:08:06.381: [INFO] OnDoneLoading sync enabled: 0
2026-09-09 04:08:06.381: [INFO] BookmarkModelLoaded, ids_reassigned: 0
2026-09-09 04:08:06.381: [INFO] BookmarksLoadDropped droppedNodes=0
2026-09-09 04:08:06.381: [INFO] BookmarksSnapshot Startup total=0 bar=0 other=0 mobile=0 showBar=0 showBarNTP=1
2026-09-09 04:11:32.942: [INFO] BookmarksSnapshot Shutdown total=0 bar=0 other=0 mobile=0 showBar=0 showBarNTP=1
2026-09-09 04:25:19.770: [INFO] CurrentProfilePath: D:\Bhargavi V.SMART Web DotNet - Latest\V.SMART\V.SMART\bin\Debug\net9.0-windows10.0.19041.0\win10-x64\V.SMART.exe.WebView2\EBWebView\Default
2026-09-09 04:25:19.770: [INFO] Profiles total count: 1
2026-09-09 04:25:19.770: [INFO] Profile: name=Profile 1 path=D:\Bhargavi V.SMART Web DotNet - Latest\V.SMART\V.SMART\bin\Debug\net9.0-windows10.0.19041.0\win10-x64\V.SMART.exe.WebView2\EBWebView\Default lastActive=2026-09-09T04:10:59.825Z
2026-09-09 04:25:19.770: [INFO] LastUsedProfileDir: D:\Bhargavi V.SMART Web DotNet - Latest\V.SMART\V.SMART\bin\Debug\net9.0-windows10.0.19041.0\win10-x64\V.SMART.exe.WebView2\EBWebView\Default
2026-09-09 04:25:19.770: [INFO] MostRecentlyActiveProfile: name=Profile 1 path=D:\Bhargavi V.SMART Web DotNet - Latest\V.SMART\V.SMART\bin\Debug\net9.0-windows10.0.19041.0\win10-x64\V.SMART.exe.WebView2\EBWebView\Default lastActive=2026-09-09T04:10:59.825Z
2026-09-09 04:25:19.770: [INFO] OnDoneLoading sync enabled: 0
2026-09-09 04:25:19.770: [INFO] BookmarkModelLoaded, ids_reassigned: 0
2026-09-09 04:25:19.770: [INFO] BookmarksLoadDropped droppedNodes=0
2026-09-09 04:25:19.770: [INFO] BookmarksSnapshot Startup total=0 bar=0 other=0 mobile=0 showBar=0 showBarNTP=1
2026-09-09 04:26:19.582: [INFO] BookmarksSnapshot Shutdown total=0 bar=0 other=0 mobile=0 showBar=0 showBarNTP=1
2026-09-09 04:43:16.126: [INFO] CurrentProfilePath: D:\Bhargavi V.SMART Web DotNet - Latest\V.SMART\V.SMART\bin\Debug\net9.0-windows10.0.19041.0\win10-x64\V.SMART.exe.WebView2\EBWebView\Default
2026-09-09 04:43:16.126: [INFO] Profiles total count: 1
2026-09-09 04:43:16.126: [INFO] Profile: name=Profile 1 path=D:\Bhargavi V.SMART Web DotNet - Latest\V.SMART\V.SMART\bin\Debug\net9.0-windows10.0.19041.0\win10-x64\V.SMART.exe.WebView2\EBWebView\Default lastActive=2026-09-09T04:25:20.857Z
2026-09-09 04:43:16.126: [INFO] LastUsedProfileDir: D:\Bhargavi V.SMART Web DotNet - Latest\V.SMART\V.SMART\bin\Debug\net9.0-windows10.0.19041.0\win10-x64\V.SMART.exe.WebView2\EBWebView\Default
2026-09-09 04:43:16.126: [INFO] MostRecentlyActiveProfile: name=Profile 1 path=D:\Bhargavi V.SMART Web DotNet - Latest\V.SMART\V.SMART\bin\Debug\net9.0-windows10.0.19041.0\win10-x64\V.SMART.exe.WebView2\EBWebView\Default lastActive=2026-09-09T04:25:20.857Z
2026-09-09 04:43:16.126: [INFO] OnDoneLoading sync enabled: 0
2026-09-09 04:43:16.126: [INFO] BookmarkModelLoaded, ids_reassigned: 0
2026-09-09 04:43:16.126: [INFO] BookmarksLoadDropped droppedNodes=0
2026-09-09 04:43:16.126: [INFO] BookmarksSnapshot Startup total=0 bar=0 other=0 mobile=0 showBar=0 showBarNTP=1
2026-09-09 04:44:00.449: [INFO] BookmarksSnapshot Shutdown total=0 bar=0 other=0 mobile=0 showBar=0 showBarNTP=1
2026-09-09 05:25:58.780: [INFO] CurrentProfilePath: D:\Bhargavi V.SMART Web DotNet - Latest\V.SMART\V.SMART\bin\Debug\net9.0-windows10.0.19041.0\win10-x64\V.SMART.exe.WebView2\EBWebView\Default
2026-09-09 05:25:58.780: [INFO] Profiles total count: 1
2026-09-09 05:25:58.780: [INFO] Profile: name=Profile 1 path=D:\Bhargavi V.SMART Web DotNet - Latest\V.SMART\V.SMART\bin\Debug\net9.0-windows10.0.19041.0\win10-x64\V.SMART.exe.WebView2\EBWebView\Default lastActive=2026-09-09T04:43:17.213Z
2026-09-09 05:25:58.780: [INFO] LastUsedProfileDir: D:\Bhargavi V.SMART Web DotNet - Latest\V.SMART\V.SMART\bin\Debug\net9.0-windows10.0.19041.0\win10-x64\V.SMART.exe.WebView2\EBWebView\Default
2026-09-09 05:25:58.780: [INFO] MostRecentlyActiveProfile: name=Profile 1 path=D:\Bhargavi V.SMART Web DotNet - Latest\V.SMART\V.SMART\bin\Debug\net9.0-windows10.0.19041.0\win10-x64\V.SMART.exe.WebView2\EBWebView\Default lastActive=2026-09-09T04:43:17.213Z
2026-09-09 05:25:58.780: [INFO] OnDoneLoading sync enabled: 0
2026-09-09 05:25:58.780: [INFO] BookmarkModelLoaded, ids_reassigned: 0
2026-09-09 05:25:58.780: [INFO] BookmarksLoadDropped droppedNodes=0
2026-09-09 05:25:58.780: [INFO] BookmarksSnapshot Startup total=0 bar=0 other=0 mobile=0 showBar=0 showBarNTP=1
2026-09-09 05:27:26.597: [INFO] BookmarksSnapshot Shutdown total=0 bar=0 other=0 mobile=0 showBar=0 showBarNTP=1
2026-09-09 05:31:17.950: [INFO] CurrentProfilePath: D:\Bhargavi V.SMART Web DotNet - Latest\V.SMART\V.SMART\bin\Debug\net9.0-windows10.0.19041.0\win10-x64\V.SMART.exe.WebView2\EBWebView\Default
2026-09-09 05:31:17.950: [INFO] Profiles total count: 1
2026-09-09 05:31:17.950: [INFO] Profile: name=Profile 1 path=D:\Bhargavi V.SMART Web DotNet - Latest\V.SMART\V.SMART\bin\Debug\net9.0-windows10.0.19041.0\win10-x64\V.SMART.exe.WebView2\EBWebView\Default lastActive=2026-09-09T05:27:05.986Z
2026-09-09 05:31:17.950: [INFO] LastUsedProfileDir: D:\Bhargavi V.SMART Web DotNet - Latest\V.SMART\V.SMART\bin\Debug\net9.0-windows10.0.19041.0\win10-x64\V.SMART.exe.WebView2\EBWebView\Default
2026-09-09 05:31:17.950: [INFO] MostRecentlyActiveProfile: name=Profile 1 path=D:\Bhargavi V.SMART Web DotNet - Latest\V.SMART\V.SMART\bin\Debug\net9.0-windows10.0.19041.0\win10-x64\V.SMART.exe.WebView2\EBWebView\Default lastActive=2026-09-09T05:27:05.986Z
2026-09-09 05:31:17.950: [INFO] OnDoneLoading sync enabled: 0
2026-09-09 05:31:17.950: [INFO] BookmarkModelLoaded, ids_reassigned: 0
2026-09-09 05:31:17.950: [INFO] BookmarksLoadDropped droppedNodes=0
2026-09-09 05:31:17.950: [INFO] BookmarksSnapshot Startup total=0 bar=0 other=0 mobile=0 showBar=0 showBarNTP=1
2026-09-09 05:31:59.069: [INFO] BookmarksSnapshot Shutdown total=0 bar=0 other=0 mobile=0 showBar=0 showBarNTP=1
2026-09-09 06:10:51.311: [INFO] CurrentProfilePath: D:\Bhargavi V.SMART Web DotNet - Latest\V.SMART\V.SMART\bin\Debug\net9.0-windows10.0.19041.0\win10-x64\V.SMART.exe.WebView2\EBWebView\Default
2026-09-09 06:10:51.312: [INFO] Profiles total count: 1
2026-09-09 06:10:51.312: [INFO] Profile: name=Profile 1 path=D:\Bhargavi V.SMART Web DotNet - Latest\V.SMART\V.SMART\bin\Debug\net9.0-windows10.0.19041.0\win10-x64\V.SMART.exe.WebView2\EBWebView\Default lastActive=2026-09-09T05:31:46.350Z
2026-09-09 06:10:51.312: [INFO] LastUsedProfileDir: D:\Bhargavi V.SMART Web DotNet - Latest\V.SMART\V.SMART\bin\Debug\net9.0-windows10.0.19041.0\win10-x64\V.SMART.exe.WebView2\EBWebView\Default
2026-09-09 06:10:51.312: [INFO] MostRecentlyActiveProfile: name=Profile 1 path=D:\Bhargavi V.SMART Web DotNet - Latest\V.SMART\V.SMART\bin\Debug\net9.0-windows10.0.19041.0\win10-x64\V.SMART.exe.WebView2\EBWebView\Default lastActive=2026-09-09T05:31:46.350Z
2026-09-09 06:10:51.312: [INFO] OnDoneLoading sync enabled: 0
2026-09-09 06:10:51.312: [INFO] BookmarkModelLoaded, ids_reassigned: 0
2026-09-09 06:10:51.312: [INFO] BookmarksLoadDropped droppedNodes=0
2026-09-09 06:10:51.312: [INFO] BookmarksSnapshot Startup total=0 bar=0 other=0 mobile=0 showBar=0 showBarNTP=1
2026-09-09 06:12:11.275: [INFO] BookmarksSnapshot Shutdown total=0 bar=0 other=0 mobile=0 showBar=0 showBarNTP=1
2026-09-10 09:37:45.287: [INFO] CurrentProfilePath: D:\Bhargavi V.SMART Web DotNet - Latest\V.SMART\V.SMART\bin\Debug\net9.0-windows10.0.19041.0\win10-x64\V.SMART.exe.WebView2\EBWebView\Default
2026-09-10 09:37:45.287: [INFO] Profiles total count: 1
2026-09-10 09:37:45.287: [INFO] Profile: name=Profile 1 path=D:\Bhargavi V.SMART Web DotNet - Latest\V.SMART\V.SMART\bin\Debug\net9.0-windows10.0.19041.0\win10-x64\V.SMART.exe.WebView2\EBWebView\Default lastActive=2026-09-09T06:11:41.923Z
2026-09-10 09:37:45.287: [INFO] LastUsedProfileDir: D:\Bhargavi V.SMART Web DotNet - Latest\V.SMART\V.SMART\bin\Debug\net9.0-windows10.0.19041.0\win10-x64\V.SMART.exe.WebView2\EBWebView\Default
2026-09-10 09:37:45.287: [INFO] MostRecentlyActiveProfile: name=Profile 1 path=D:\Bhargavi V.SMART Web DotNet - Latest\V.SMART\V.SMART\bin\Debug\net9.0-windows10.0.19041.0\win10-x64\V.SMART.exe.WebView2\EBWebView\Default lastActive=2026-09-09T06:11:41.923Z
2026-09-10 09:37:45.287: [INFO] OnDoneLoading sync enabled: 0
2026-09-10 09:37:45.287: [INFO] BookmarkModelLoaded, ids_reassigned: 0
2026-09-10 09:37:45.287: [INFO] BookmarksLoadDropped droppedNodes=0
2026-09-10 09:37:45.287: [INFO] BookmarksSnapshot Startup total=0 bar=0 other=0 mobile=0 showBar=0 showBarNTP=1
2026-09-10 09:57:35.797: [INFO] BookmarksSnapshot Shutdown total=0 bar=0 other=0 mobile=0 showBar=0 showBarNTP=1
2026-09-10 10:48:36.669: [INFO] CurrentProfilePath: D:\Bhargavi V.SMART Web DotNet - Latest\V.SMART\V.SMART\bin\Debug\net9.0-windows10.0.19041.0\win10-x64\V.SMART.exe.WebView2\EBWebView\Default
2026-09-10 10:48:36.669: [INFO] Profiles total count: 1
2026-09-10 10:48:36.669: [INFO] Profile: name=Profile 1 path=D:\Bhargavi V.SMART Web DotNet - Latest\V.SMART\V.SMART\bin\Debug\net9.0-windows10.0.19041.0\win10-x64\V.SMART.exe.WebView2\EBWebView\Default lastActive=2026-09-10T09:57:17.686Z
2026-09-10 10:48:36.669: [INFO] LastUsedProfileDir: D:\Bhargavi V.SMART Web DotNet - Latest\V.SMART\V.SMART\bin\Debug\net9.0-windows10.0.19041.0\win10-x64\V.SMART.exe.WebView2\EBWebView\Default
2026-09-10 10:48:36.669: [INFO] MostRecentlyActiveProfile: name=Profile 1 path=D:\Bhargavi V.SMART Web DotNet - Latest\V.SMART\V.SMART\bin\Debug\net9.0-windows10.0.19041.0\win10-x64\V.SMART.exe.WebView2\EBWebView\Default lastActive=2026-09-10T09:57:17.686Z
2026-09-10 10:48:36.669: [INFO] OnDoneLoading sync enabled: 0
2026-09-10 10:48:36.669: [INFO] BookmarkModelLoaded, ids_reassigned: 0
2026-09-10 10:48:36.669: [INFO] BookmarksLoadDropped droppedNodes=0
2026-09-10 10:48:36.669: [INFO] BookmarksSnapshot Startup total=0 bar=0 other=0 mobile=0 showBar=0 showBarNTP=1
2026-09-10 10:52:32.930: [INFO] BookmarksSnapshot Shutdown total=0 bar=0 other=0 mobile=0 showBar=0 showBarNTP=1
2026-09-10 10:56:22.827: [INFO] CurrentProfilePath: D:\Bhargavi V.SMART Web DotNet - Latest\V.SMART\V.SMART\bin\Debug\net9.0-windows10.0.19041.0\win10-x64\V.SMART.exe.WebView2\EBWebView\Default
2026-09-10 10:56:22.827: [INFO] Profiles total count: 1
2026-09-10 10:56:22.827: [INFO] Profile: name=Profile 1 path=D:\Bhargavi V.SMART Web DotNet - Latest\V.SMART\V.SMART\bin\Debug\net9.0-windows10.0.19041.0\win10-x64\V.SMART.exe.WebView2\EBWebView\Default lastActive=2026-09-10T10:51:59.921Z
2026-09-10 10:56:22.827: [INFO] LastUsedProfileDir: D:\Bhargavi V.SMART Web DotNet - Latest\V.SMART\V.SMART\bin\Debug\net9.0-windows10.0.19041.0\win10-x64\V.SMART.exe.WebView2\EBWebView\Default
2026-09-10 10:56:22.827: [INFO] MostRecentlyActiveProfile: name=Profile 1 path=D:\Bhargavi V.SMART Web DotNet - Latest\V.SMART\V.SMART\bin\Debug\net9.0-windows10.0.19041.0\win10-x64\V.SMART.exe.WebView2\EBWebView\Default lastActive=2026-09-10T10:51:59.921Z
2026-09-10 10:56:22.827: [INFO] OnDoneLoading sync enabled: 0
2026-09-10 10:56:22.827: [INFO] BookmarkModelLoaded, ids_reassigned: 0
2026-09-10 10:56:22.827: [INFO] BookmarksLoadDropped droppedNodes=0
2026-09-10 10:56:22.827: [INFO] BookmarksSnapshot Startup total=0 bar=0 other=0 mobile=0 showBar=0 showBarNTP=1
2026-09-10 10:57:49.008: [INFO] BookmarksSnapshot Shutdown total=0 bar=0 other=0 mobile=0 showBar=0 showBarNTP=1
2026-09-10 12:10:49.313: [INFO] CurrentProfilePath: D:\Bhargavi V.SMART Web DotNet - Latest\V.SMART\V.SMART\bin\Debug\net9.0-windows10.0.19041.0\win10-x64\V.SMART.exe.WebView2\EBWebView\Default
2026-09-10 12:10:49.313: [INFO] Profiles total count: 1
2026-09-10 12:10:49.313: [INFO] Profile: name=Profile 1 path=D:\Bhargavi V.SMART Web DotNet - Latest\V.SMART\V.SMART\bin\Debug\net9.0-windows10.0.19041.0\win10-x64\V.SMART.exe.WebView2\EBWebView\Default lastActive=2026-09-10T10:57:38.722Z
2026-09-10 12:10:49.313: [INFO] LastUsedProfileDir: D:\Bhargavi V.SMART Web DotNet - Latest\V.SMART\V.SMART\bin\Debug\net9.0-windows10.0.19041.0\win10-x64\V.SMART.exe.WebView2\EBWebView\Default
2026-09-10 12:10:49.313: [INFO] MostRecentlyActiveProfile: name=Profile 1 path=D:\Bhargavi V.SMART Web DotNet - Latest\V.SMART\V.SMART\bin\Debug\net9.0-windows10.0.19041.0\win10-x64\V.SMART.exe.WebView2\EBWebView\Default lastActive=2026-09-10T10:57:38.722Z
2026-09-10 12:10:49.313: [INFO] OnDoneLoading sync enabled: 0
2026-09-10 12:10:49.313: [INFO] BookmarkModelLoaded, ids_reassigned: 0
2026-09-10 12:10:49.313: [INFO] BookmarksLoadDropped droppedNodes=0
2026-09-10 12:10:49.313: [INFO] BookmarksSnapshot Startup total=0 bar=0 other=0 mobile=0 showBar=0 showBarNTP=1
2026-09-10 12:11:55.290: [INFO] BookmarksSnapshot Shutdown total=0 bar=0 other=0 mobile=0 showBar=0 showBarNTP=1
